,player,Pos,birth_country,
986,Achref Abada,DF,Algeria,
987,Adil Boulbina,FW,Algeria,
989,Amine Gouiri,FW,France,
990,Anis Hadj Moussa,FW,France,
988,Aïŋ―ïŋ―ssa Mandi (vice-capt,DF,France,
991,Farïŋ―ïŋ―s Cha,MF,France,
992,Farïŋ―ïŋ―s Ghedj,FW,France,
993,Hicham Boudaoui,MF,Algeria,
994,Houssem Aouar,MF,France,
995,Ibrahim Maza,MF,Germany,
996,Jaouen Hadjam,DF,France,
997,Luca Zidane,GK,France,
998,Melvin Mastil,GK,France,
999,Mohamed Amine Tougai,DF,Algeria,
1000,Mohamed Amoura,FW,Algeria,
1001,Nabil Bentaleb,MF,France,
1002,Nadhir Benbouali,FW,Algeria,
1003,Oussama Benbot,GK,Algeria,
1004,Rafik Belghali,DF,Belgium,
1005,Ramiz Zerrouki,MF,Netherlands,
1006,Ramy Bensebaini (third captain),DF,Algeria,
1007,Rayan Aïŋ―ïŋ―t-N,DF,France,
1008,Riyad Mahrez (captain),FW,France,
1009,Samir Chergui,DF,France,
1010,Yacine Titraoui,MF,Algeria,
1011,Zineddine Belaïŋ―,DF,Algeria,
936,Alexis Mac Allister,MF,Argentina,
937,Cristian Romero,DF,Argentina,
938,Emiliano Martïŋ―ïŋ,GK,Argentina,
939,Enzo Fernïŋ―ïŋ―,MF,Argentina,
940,Exequiel Palacios,MF,Argentina,
941,Facundo Medina,DF,Argentina,
942,Gerïŋ―ïŋ―nimo R,GK,Argentina,
943,Giovani Lo Celso,MF,Argentina,
944,Giuliano Simeone,FW,Italy,
945,Gonzalo Montiel,DF,Argentina,
946,Josïŋ―ïŋ― Manuel Lï,FW,Argentina,
947,Juan Musso,GK,Argentina,
948,Juliïŋ―ïŋ―n Alv,FW,Argentina,
949,Lautaro Martïŋ―ïŋ,FW,Argentina,
950,Leandro Paredes,MF,Argentina,
951,Lionel Messi (Captain),FW,Argentina,
952,Lisandro Martïŋ―ïŋ,DF,Argentina,
953,Marcos Senesi,,Argentina,
954,Nahuel Molina,DF,Argentina,
955,Nico Paz,FW,Spain,
956,Nicolïŋ―ïŋ―s Gonzï,FW,Argentina,
957,Nicolïŋ―ïŋ―s Otam,DF,Argentina,
958,Nicolïŋ―ïŋ―s Taglia,DF,Argentina,
959,Rodrigo De Paul,MF,Argentina,
960,Thiago Almada,FW,Argentina,
390,Valentïŋ―ïŋ―n B,MF,Argentina,
391,Aiden O'Neill,MF,Australia,
392,Ajdin Hrustiïŋ,MF,Australia,
393,Alessandro Circati,DF,Italy,
394,Awer Mabil,FW,Kenya,
395,Aziz Behich,DF,Australia,
396,Cameron Burgess,DF,Scotland,
397,Cammy Devlin,MF,Australia,
398,Connor Metcalfe,MF,Australia,
399,Cristian Volpato,FW,Australia,
400,Harry Souttar,DF,Scotland,
401,Jackson Irvine,MF,Australia,
402,Jacob Italiano,DF,Australia,
403,Jason Geria,DF,Australia,
404,Jordan Bos,DF,Australia,
405,Kai Trewin,DF,Australia,
406,Lucas Herrington,DF,Australia,
407,Mathew Leckie,FW,Australia,
408,Mathew Ryan (captain),GK,Australia,
409,Miloïŋ―ïŋ― Deg,DF,Croatia,
410,Mohamed Tourïŋ,FW,Guinea,
411,Nestory Irankunda,FW,Tanzania,
412,Nishan Velupillay,FW,Australia,
413,Patrick Beach,GK,Australia,
414,Paul Izzo,GK,Australia,
415,Paul Okon-Engstler,MF,Belgium,
961,Tete Yengi,FW,Australia,
962,Alessandro Schïŋ―ï,MF,Austria,
963,Alexander Prass,DF,Austria,
964,Alexander Schlager,GK,Austria,
965,Carney Chukwuemeka,MF,Austria,
966,David Affengruber,DF,Austria,
967,David Alaba (captain),DF,Austria,
968,Dejan Ljubiïŋ―ïŋ,,Austria,
969,Florian Grillitsch,MF,Austria,
970,Florian Wiegele,GK,Austria,
971,Kevin Danso,DF,Austria,
972,Konrad Laimer,MF,Austria,
973,Marcel Sabitzer (third captain),MF,Austria,
974,Marco Friedl,DF,Austria,
975,Marko Arnautoviïŋ―ïŋ― (vice-capt,FW,Austria,
976,Michael Gregoritsch,FW,Austria,
977,Michael Svoboda,DF,Austria,
978,Nicolas Seiwald,MF,Austria,
979,Patrick Pentz,GK,Austria,
980,Patrick Wimmer,MF,Austria,
981,Paul Wanner,MF,Austria,
982,Philipp Lienhart,DF,Austria,
983,Phillipp Mwene,DF,Austria,
984,Romano Schmid,MF,Austria,
985,Saïŋ―ïŋ―a Kalajdï,FW,Austria,
624,Stefan Posch,DF,Austria,
625,Xaver Schlager,MF,Austria,
626,Alexis Saelemaekers,FW,Belgium,
627,Amadou Onana,MF,Senegal,
628,Arthur Theate,DF,Belgium,
629,Axel Witsel,MF,Belgium,
630,Brandon Mechele,DF,Belgium,
631,Charles De Ketelaere,FW,Belgium,
632,Diego Moreira,FW,Belgium,
634,Dodi Lukïŋ―ïŋ―b,FW,Belgium,
633,Hans Vanaken,MF,Belgium,
635,Joaquin Seys,DF,Belgium,
636,Jïŋ―ïŋ―rïŋ―ïŋ,FW,Belgium,
637,Kevin De Bruyne,MF,Belgium,
638,Koni De Winter,DF,Belgium,
639,Leandro Trossard,FW,Belgium,
640,Matias Fernandez-Pardo,FW,Belgium,
641,Maxim De Cuyper,DF,Belgium,
642,Mike Penders,GK,Belgium,
643,Nathan Ngoy,DF,Belgium,
644,Nicolas Raskin,MF,Belgium,
645,Romelu Lukaku (vice-captain),FW,Belgium,
646,Senne Lammens,GK,Belgium,
647,Thibaut Courtois,GK,Belgium,
648,Thomas Meunier,DF,Belgium,
649,Timothy Castagne,DF,Belgium,
104,Youri Tielemans (captain),MF,Belgium,
105,Zeno Debast,DF,Belgium,
106,Amar Dediïŋ,DF,Austria,
107,Amar Memiïŋ,MF,Bosnia and Herzegovina,
108,Amir Hadïŋ―ïŋ―iahmeto,MF,Denmark,
110,Arjan Maliïŋ,MF,Sweden,
109,Armin Gigoviïŋ,MF,Sweden,
111,Benjamin Tahiroviïŋ,MF,Germany,
112,Dïŋ―ïŋ―enis Bur,DF,Sweden,
113,Dennis Hadïŋ―ïŋ―ikadu,FW,Bosnia and Herzegovina,
114,Edin Dïŋ―ïŋ―eko (capt,FW,Germany,
115,Ermedin Demiroviïŋ,MF,Austria,
116,Ermin Mahmiïŋ,MF,United States,
117,Esmir Bajraktareviïŋ,FW,Switzerland,
118,Haris Tabakoviïŋ,MF,Croatia,
119,Ivan Baïŋ―ïŋ,MF,Bosnia and Herzegovina,
120,Ivan ïŋ―ïŋ―un,FW,Serbia,
121,Jovo Lukiïŋ,MF,Germany,
122,Kerim Alajbegoviïŋ,GK,Bosnia and Herzegovina,
123,Martin Zlomisliïŋ,GK,Bosnia and Herzegovina,
124,Mladen Jurkas,DF,Bosnia and Herzegovina,
125,Nihad Mujakiïŋ,DF,Bosnia and Herzegovina,
126,Nikola Katiïŋ,DF,Bosnia and Herzegovina,
127,Nikola Vasilj,GK,Bosnia and Herzegovina,
128,Samed Baïŋ―ïŋ,FW,Serbia,
129,Sead Kolaïŋ―ïŋ―,DF,Germany,
208,Stjepan Radeljiïŋ,DF,Bosnia and Herzegovina,
209,Tarik Muharemoviïŋ,DF,Slovenia,
210,Alex Sandro,DF,Brazil,
211,Alisson,GK,Brazil,
212,Bremer,DF,Brazil,
213,Bruno Guimarïŋ―ï,MF,Brazil,
214,Casemiro (vice-captain),MF,Brazil,
217,Danilo Luiz,DF,Brazil,
215,Danilo Santos,MF,Brazil,
216,ýýderson,DF,Brazil,
218,Douglas Santos,DF,Brazil,
219,Ederson,GK,Brazil,
220,Endrick,FW,Brazil,
221,Fabinho,MF,Brazil,
222,Gabriel Magalhïŋ―ï,DF,Brazil,
223,Gabriel Martinelli,FW,Brazil,
224,Igor Thiago,FW,Brazil,
225,Lïŋ―ïŋ―o Per,DF,Brazil,
226,Lucas Paquetïŋ,MF,Brazil,
227,Luiz Henrique,FW,Brazil,
228,Marquinhos (captain),DF,Brazil,
229,Matheus Cunha,FW,Brazil,
230,Neymar,FW,Brazil,
231,Raphinha,FW,Brazil,
232,Rayan,FW,Brazil,
233,Roger Ibaïŋ―ï,DF,Brazil,
806,Vinïŋ―ïŋ―cius Jïŋ,FW,Brazil,
807,Weverton,GK,Brazil,
808,CJ dos Santos,GK,United States,
809,Dailon Livramento,FW,Netherlands,
810,Deroy Duarte,MF,Netherlands,
811,Diney Borges,DF,Cape Verde,
812,Garry Rodrigues (third captain),FW,Netherlands,
813,Gilson Benchimol,FW,Cape Verde,
814,Hïŋ―ïŋ―lio Va,FW,Portugal,
815,Jamiro Monteiro,MF,Netherlands,
816,Joïŋ―ïŋ―o P,DF,Cape Verde,
817,Jovane Cabral,FW,Cape Verde,
818,Kelvin Pires,DF,Cape Verde,
819,Kevin Pina,MF,Cape Verde,
820,Laros Duarte,MF,Netherlands,
821,Logan Costa,DF,France,
822,Mïŋ―ïŋ―rcio ,GK,Cape Verde,
823,Nuno da Costa,FW,Cape Verde,
824,Pico Lopes,DF,Ireland,
825,Ryan Mendes (captain),FW,Cape Verde,
826,Sidny Lopes Cabral,DF,Netherlands,
827,Steven Moreira,DF,France,
828,Stopira,DF,Cape Verde,
829,Telmo Arcanjo,MF,Portugal,
830,Vozinha (vice-captain),GK,Cape Verde,
831,Wagner Pina,DF,Portugal,
130,Willy Semedo,FW,France,
131,Yannick Semedo,MF,Cape Verde,
132,Alfie Jones,DF,England,
133,Ali Ahmed,MF,Canada,
134,Alistair Johnston,DF,Canada,
135,Alphonso Davies (captain),DF,Ghana,
136,Cyle Larin,FW,Canada,
137,Dayne St. Clair,GK,Canada,
138,Derek Cornelius,DF,Canada,
139,Ismaïŋ―ïŋ―l K,MF,Ivory Coast,
140,Jacob Shaffelburg,MF,Canada,
141,Jayden Nelson,MF,Canada,
142,Joel Waterman,DF,Canada,
143,Jonathan David,FW,United States,
144,Jonathan Osorio,MF,Canada,
145,Liam Millar,MF,Canada,
146,Luc de Fougerolles,DF,England,
147,Mathieu Choiniïŋ―ï,MF,Canada,
148,Maxime Crïŋ―ïŋ―,GK,Canada,
149,Moïŋ―ïŋ―se Bom,DF,Canada,
150,Nathan Saliba,MF,Canada,
151,Niko Sigur,DF,Canada,
152,Owen Goodman,GK,England,
153,Promise David,FW,Canada,
154,Richie Laryea,DF,Canada,
155,Stephen Eustïŋ―ïŋ―quio (vice-capt,MF,Canada,
1065,Tajon Buchanan,MF,Canada,
1066,Tani Oluwaseyi,FW,Nigeria,
1067,Andrïŋ―ïŋ―s Gï,FW,Colombia,
1068,Camilo Vargas,GK,Colombia,
1069,Cucho Hernïŋ―ïŋ―,FW,Colombia,
1070,Daniel Muïŋ―ï,DF,Colombia,
1071,David Ospina,GK,Colombia,
1072,Davinson Sïŋ―ïŋ―n,DF,Colombia,
1073,Deiver Machado,DF,Colombia,
1074,Gustavo Puerta,MF,Colombia,
1075,James Rodrïŋ―ïŋ―guez (capt,MF,Colombia,
1076,Jaminton Campaz,MF,Colombia,
1077,Jefferson Lerma,MF,Colombia,
1078,Jhon Arias,MF,Colombia,
1079,Jhon Cïŋ―ïŋ―r,FW,Colombia,
1080,Jhon Lucumïŋ,DF,Colombia,
1081,Johan Mojica,DF,Colombia,
1082,Jorge Carrascal,MF,Colombia,
1083,Juan Fernando Quintero,MF,Colombia,
1084,Juan Portilla,MF,Colombia,
1085,Kevin Castaïŋ―,MF,Colombia,
1064,Luis Dïŋ―ï,FW,Colombia,
1086,Luis Suïŋ―ïŋ,FW,Colombia,
1087,ýýlvaro Montero,GK,Colombia,
1088,Richard Rïŋ―ï,MF,Colombia,
1089,Santiago Arias,DF,Colombia,
1168,Willer Ditta,DF,Colombia,
1169,Yerry Mina,DF,Colombia,
1170,Andrej Kramariïŋ―ïŋ― (fourth capt,FW,Croatia,
1171,Ante Budimir,FW,Bosnia and Herzegovina,
1172,Dominik Kotarski,GK,Croatia,
1173,Dominik Livakoviïŋ,GK,Croatia,
1174,Duje ïŋ―ïŋ―aleta,DF,Croatia,
1175,Igor Matanoviïŋ,FW,Germany,
1178,Ivan Periïŋ―ïŋ―iïŋ―ïŋ― (vice-,FW,Croatia,
1176,Ivor Pandur,GK,Croatia,
1177,Joïŋ―ïŋ―ko Gvar,DF,Croatia,
1179,Josip Staniïŋ―ïŋ,DF,Germany,
1180,Josip ïŋ―ïŋ―u,DF,Bosnia and Herzegovina,
1181,Kristijan Jakiïŋ,MF,Croatia,
1182,Luka Modriïŋ―ïŋ― (capt,MF,Croatia,
1183,Luka Suïŋ―ïŋ,MF,Austria,
1184,Luka Vuïŋ―ïŋ―ko,DF,Croatia,
1185,Marco Païŋ―ïŋ―a,FW,Germany,
1186,Marin Pongraïŋ―ïŋ,DF,Germany,
1187,Mario Païŋ―ïŋ―aliïŋ―ïŋ― (fifth ,MF,Germany,
1188,Martin Baturina,MF,Switzerland,
1189,Martin Erliïŋ,DF,Croatia,
1190,Mateo Kovaïŋ―ïŋ―iïŋ―ïŋ― (third ,MF,Austria,
1191,Nikola Moro,MF,Croatia,
1192,Nikola Vlaïŋ―ïŋ,MF,Croatia,
1193,Petar Musa,FW,Croatia,
468,Petar Suïŋ―ïŋ,MF,Bosnia and Herzegovina,
469,Toni Fruk,MF,Croatia,
,,,,
470,Alban Lafont,GK,Burkina Faso,
471,Amad Diallo,FW,Ivory Coast,
472,Ange-Yoan Bonny,FW,France,
473,Bazoumana Tourïŋ,FW,Ivory Coast,
474,Christ Inao Oulaïŋ,MF,Ivory Coast,
475,Christopher Opïŋ―ï,DF,Ivory Coast,
476,Elye Wahi,FW,France,
477,Emmanuel Agbadou,DF,Ivory Coast,
478,Evan Ndicka,DF,France,
479,Evann Guessand,FW,France,
480,Franck Kessiïŋ―ïŋ― (capt,MF,error,
481,Ghislain Konan (fourth captain),DF,Ivory Coast,
482,Guïŋ―ïŋ―la D,DF,France,
483,Ibrahim Sangarïŋ―ïŋ― (third capt,MF,Ivory Coast,
484,Jean Michaïŋ―ïŋ―l Seri (vice-capt,MF,Ivory Coast,
485,Mohamed Konïŋ,GK,Ivory Coast,
486,Nicolas Pïŋ―ïŋ―pïŋ―ïŋ― (fifth ,FW,France,
487,Odilon Kossounou,DF,Ivory Coast,
488,Oumar Diakitïŋ,FW,Ivory Coast,
489,Ousmane Diomande,DF,Ivory Coast,
490,Parfait Guiagon,MF,Ivory Coast,
491,Seko Fofana,MF,France,
492,Simon Adingra,FW,Ivory Coast,
493,Wilfried Singo,DF,error,
494,Yahia Fofana,GK,France,
495,Yan Diomande,FW,error,
496,Ar'jany Martha,MF,Netherlands,
497,Armando Obispo,DF,Netherlands,
498,Brandley Kuwas,FW,Netherlands,
499,Deveron Fonville,DF,Netherlands,
500,Eloy Room,GK,Netherlands,
501,Gervane Kastaneer,FW,Netherlands,
502,Godfried Roemeratoe,MF,Netherlands,
503,Jearl Margaritha,FW,Netherlands,
505,Jeremy Antonisse,FW,Netherlands,
504,Joshua Brenet,DF,Netherlands,
506,Jïŋ―ïŋ―rgen Loc,FW,Netherlands,
507,Juninho Bacuna,MF,Netherlands,
508,Juriïŋ―ïŋ―n G,DF,Netherlands,
509,Kenji Gorrïŋ,FW,Netherlands,
510,Kevin Felida,MF,Netherlands,
511,Leandro Bacuna (captain),MF,Netherlands,
512,Livano Comenencia,MF,Netherlands,
513,Riechedly Bazoer,DF,Netherlands,
514,Roshon van Eijma,DF,Netherlands,
515,Sherel Floranus,DF,Netherlands,
516,Shurandy Sambo,DF,Netherlands,
517,Sontje Hansen,FW,Netherlands,
518,Tahith Chong,FW,Curaïŋ―ï,
519,Trevor Doornbusch,GK,Netherlands,
26,Tyrese Noslin,MF,Netherlands,
27,Tyrick Bodak,GK,Netherlands,
28,Adam Hloïŋ―ï,FW,Czech Republic,
29,Alexandr Sojka,MF,Czech Republic,
30,David Doudïŋ―ï,DF,Czech Republic,
31,David Jurïŋ―ïŋ,DF,Czech Republic,
32,David Zima,DF,Czech Republic,
33,Denis Viïŋ―ïŋ―in,MF,Czech Republic,
34,Hugo Sochïŋ―ïŋ,MF,Czech Republic,
35,Jan Kuchta,FW,Czech Republic,
36,Jaroslav Zelenïŋ,DF,Czech Republic,
39,Jindïŋ―ïŋ―ich Sta,GK,Czech Republic,
37,Ladislav Krejïŋ―ïŋ―ïŋ―ïŋ― (,DF,Czech Republic,
38,Lukïŋ―ïŋ―ïŋ―ï,MF,Czech Republic,
40,Lukïŋ―ïŋ―ïŋ―ïŋ― Ho,MF,Czech Republic,
41,Lukïŋ―ïŋ―ïŋ―ïŋ,GK,Czech Republic,
42,Matïŋ―ïŋ―j Kov,GK,Czech Republic,
43,Michal Sadïŋ―ïŋ,MF,Czech Republic,
44,Mojmïŋ―ïŋ―r Ch,FW,Czech Republic,
45,Patrik Schick,FW,Czech Republic,
49,Pavel ïŋ―ïŋ,MF,Czech Republic,
48,Robin Hranïŋ―ï,DF,Czech Republic,
47,Tomïŋ―ïŋ―ïŋ―ïŋ,MF,Czech Republic,
46,Tomïŋ―ïŋ―ïŋ―ïŋ,DF,Czech Republic,
50,Tomïŋ―ïŋ―ïŋ―ïŋ―,FW,Czech Republic,
51,ýýtýýpýýn Chaloupek,DF,Czech Republic,
1090,Vladimïŋ―ïŋ―r Co,DF,Czech Republic,
1091,Vladimïŋ―ïŋ―r Da,MF,Czechoslovakia,
1092,Aaron Tshibola,MF,England,
1093,Aaron Wan-Bissaka,DF,England,
1094,Arthur Masuaku,DF,France,
1095,Axel Tuanzebe,DF,DR Congo,
1096,Brian Cipenga,MF,DR Congo,
1097,Cïŋ―ïŋ―dric Bakambu (vice-capt,FW,France,
1098,Chancel Mbemba (captain),DF,DR Congo,
1099,Charles Pickel,MF,Switzerland,
1100,Dylan Batubinsika,DF,France,
1101,Edo Kayembe,MF,DR Congo,
1102,Fiston Mayele,FW,DR Congo,
1103,Gaïŋ―ïŋ―l Ka,MF,France,
1104,Gïŋ―ïŋ―dïŋ―ïŋ―o,DF,France,
1105,Joris Kayembe,DF,Belgium,
1106,Lionel Mpasi,GK,France,
1107,Matthieu Epolo,GK,Belgium,
1108,Meschak Elia (third captain),FW,DR Congo,
1109,Nathanaïŋ―ïŋ―l M,FW,France,
1110,Ngal'ayel Mukau,MF,Belgium,
1111,Noah Sadiki,MF,Belgium,
1112,Samuel Moutoussamy,MF,France,
1113,Simon Banza,FW,France,
1114,Steve Kapuadi,DF,France,
1115,Thïŋ―ïŋ―o Bong,FW,Belgium,
442,Timothy Fayulu,GK,Switzerland,
443,Yoane Wissa,FW,France,
445,Alan Franco,MF,Ecuador,
446,Alan Minda,MF,Ecuador,
447,Anthony Valencia,FW,Ecuador,
448,Denil Castillo,MF,Ecuador,
449,Enner Valencia (captain),FW,Ecuador,
450,Fïŋ―ïŋ―lix To,DF,Ecuador,
451,Gonzalo Plata,MF,Ecuador,
452,Gonzalo Valle,GK,Ecuador,
453,Hernïŋ―ïŋ―n Galïŋ,GK,Argentina,
454,Jackson Porozo,DF,Ecuador,
455,Jeremy Arïŋ―ïŋ―,FW,Spain,
456,Joel Ordïŋ―ïŋ―,DF,Ecuador,
457,John Yeboah,MF,Germany,
458,Jordy Alcïŋ―ïŋ,MF,Ecuador,
459,Jordy Caicedo,FW,Ecuador,
460,Kendry Pïŋ―ï,MF,Ecuador,
461,Kevin Rodrïŋ―ïŋ―,FW,Ecuador,
444,Moisïŋ―ïŋ―s Cai,MF,Ecuador,
462,Moisïŋ―ïŋ―s Ramï,GK,Ecuador,
463,ýýngelo Preciado,DF,Ecuador,
464,Nilson Angulo,FW,Ecuador,
465,Pedro Vite,MF,Ecuador,
466,Pervis Estupiïŋ―ïŋ,DF,Ecuador,
467,Piero Hincapiïŋ,DF,Ecuador,
676,Willian Pacho,DF,Ecuador,
677,Yaimar Medina,MF,Ecuador,
678,Ahmed Fatouh,DF,Egypt,
679,El Mahdy Soliman,GK,Egypt,
680,Emam Ashour,MF,Egypt,
681,Haissem Hassan,FW,France,
682,Hamdy Fathy,DF,Egypt,
683,Hamza Abdelkarim,FW,Egypt,
684,Hossam Abdelmaguid,DF,Egypt,
685,Ibrahim Adel,FW,Egypt,
686,Karim Hafez,DF,Egypt,
687,Mahmoud Saber,MF,Egypt,
688,Marwan Attia,MF,Egypt,
689,Mohamed Abdelmonem,DF,Egypt,
690,Mohamed Alaa,GK,Egypt,
691,Mohamed El Shenawy (fifth captain),GK,Egypt,
692,Mohamed Hany,DF,Egypt,
693,Mohamed Salah (captain),FW,Egypt,
694,Mohanad Lasheen,MF,Egypt,
695,Mostafa Shobeir,GK,Egypt,
696,Mostafa Ziko,MF,Egypt,
697,Nabil Emad,MF,Egypt,
698,Omar Marmoush (sixth captain),FW,Egypt,
699,Ramy Rabia (fourth captain),DF,Egypt,
700,Tarek Alaa,DF,Egypt,
701,Trïŋ―ïŋ―zïŋ―ïŋ―guet (third ,FW,Egypt,
1142,Yasser Ibrahim,DF,Egypt,
1143,Zizo,FW,Egypt,
1144,Anthony Gordon,FW,England,
1145,Bukayo Saka,FW,England,
1146,Dan Burn,DF,England,
1147,Dean Henderson,GK,England,
1148,Declan Rice (vice-captain),MF,England,
1149,Djed Spence,DF,England,
1150,Eberechi Eze,FW,England,
1151,Elliot Anderson,MF,England,
1152,Ezri Konsa,DF,England,
1153,Harry Kane (captain),FW,England,
1154,Ivan Toney,FW,England,
1155,James Trafford,GK,England,
1156,Jarell Quansah,DF,England,
1157,John Stones,DF,England,
1158,Jordan Henderson,MF,England,
1159,Jordan Pickford,GK,England,
1160,Jude Bellingham,MF,England,
1161,Kobbie Mainoo,MF,England,
1162,Marc Guïŋ―ï,DF,Ivory Coast,
1163,Marcus Rashford,FW,England,
1164,Morgan Rogers,MF,England,
1165,Nico O'Reilly,DF,England,
1166,Noni Madueke,FW,England,
1167,Ollie Watkins,FW,England,
832,Reece James,DF,England,
833,Trevoh Chalobah,DF,England,
834,Adrien Rabiot,MF,France,
835,Aurïŋ―ïŋ―lien Tchouam,MF,France,
836,Bradley Barcola,FW,France,
837,Brice Samba,GK,Republic of the Congo,
838,Dayot Upamecano,DF,France,
839,Dïŋ―ïŋ―sirïŋ―ï,FW,France,
840,Ibrahima Konatïŋ,DF,France,
841,Jean-Philippe Mateta,FW,France,
842,Jules Koundïŋ,DF,France,
843,Kylian Mbappïŋ―ïŋ― (Capt,FW,France,
844,Lucas Digne,DF,France,
845,Lucas Hernandez,DF,France,
846,Maghnes Akliouche,FW,France,
847,Malo Gusto,DF,France,
848,Manu Konïŋ,MF,France,
849,Marcus Thuram,FW,Italy,
850,Maxence Lacroix,DF,France,France
851,Michael Olise,FW,England,
852,Mike Maignan,GK,French Guiana,
853,N'Golo Kantïŋ,MF,France,
854,Ousmane Dembïŋ―ïŋ,FW,France,
855,Rayan Cherki,FW,France,
856,Robin Risser,GK,France,
857,Thïŋ―ïŋ―o Herna,DF,France,
416,Warren Zaïŋ―ïŋ―re-E,MF,France,
417,William Saliba,DF,France,
418,Aleksandar Pavloviïŋ,MF,Germany,
419,Alexander Nïŋ―ïŋ,GK,Germany,
420,Angelo Stiller,MF,Germany,
421,Antonio Rïŋ―ïŋ―d,DF,Germany,
422,Assan Ouïŋ―ïŋ―dr,MF,Germany,
423,David Raum,DF,Germany,
424,Deniz Undav,FW,Germany,
425,Felix Nmecha,MF,Germany,
426,Florian Wirtz,MF,Germany,
427,Jamal Musiala,MF,Germany,
428,Jamie Leweling,MF,Germany,
429,Jonathan Tah,DF,Germany,
430,Joshua Kimmich (captain),MF,Germany,
431,Kai Havertz,FW,Germany,
432,Leon Goretzka,MF,Germany,
433,Leroy Sanïŋ,MF,Germany,
434,Malick Thiaw,DF,Germany,
435,Manuel Neuer,GK,West Germany,
436,Maximilian Beier,FW,Germany,
437,Nadiem Amiri,MF,Germany,
438,Nathaniel Brown,DF,Germany,
439,Nick Woltemade,FW,Germany,
440,Nico Schlotterbeck INJ,DF,Germany,
441,Oliver Baumann,GK,Germany,
1194,Pascal Groïŋ,MF,Germany,
1195,Waldemar Anton,DF,Uzbekistan,
1196,Abdul Fatawu,MF,Ghana,
1197,Abdul Mumin,DF,Ghana,
1198,Abdul Rahman Baba,DF,Ghana,
1199,Alidu Seidu,DF,Ghana,
1200,Antoine Semenyo,FW,England,
1201,Augustine Boakye,MF,Ghana,
1202,Benjamin Asare,GK,Ghana,
1203,Brandon Thomas-Asante,FW,England,
1204,Caleb Yirenkyi,MF,Ghana,
1205,Christopher Bonsu Baah,FW,Ghana,
1206,Derrick Luckassen,DF,Netherlands,
1207,Elisha Owusu,MF,France,
1208,Ernest Nuamah,FW,Ghana,
1209,Gideon Mensah,DF,Ghana,
1210,Iïŋ―ïŋ―aki Will,FW,Spain,
1211,Jerome Opoku,DF,England,
1212,Jonas Adjetey,DF,Ghana,
1213,Jordan Ayew (Captain),FW,France,
1214,Joseph Anang,GK,Ghana,
1215,Kamaldeen Sulemana,MF,Ghana,
1216,Kojo Peprah Oppong,DF,Ghana,
1217,Kwasi Sibo,MF,Ghana,
1218,Lawrence Ati-Zigi,GK,Ghana,
1219,Marvin Senaya,DF,France,
286,Prince Kwabena Adu,FW,Ghana,
287,Thomas Partey (Vice-Captain),MF,Ghana,
288,Alexandre Pierre,GK,France,
289,Carl Saintïŋ,MF,Haiti,
290,Carlens Arcus,DF,Haiti,
291,Danley Jean Jacques,MF,Haiti,
292,Derrick Etienne Jr.,FW,United States,
293,Dominique Simon,MF,France,
294,Duckens Nazon,FW,France,
295,Duke Lacroix,DF,United States,
296,Frantzdy Pierrot,FW,Haiti,
297,Garven Metusala,DF,Haiti,
298,Hannes Delcroix,DF,France,
299,Jean-Kïŋ―ïŋ―vin Duv,MF,France,
300,Jean-Ricner Bellegarde,GK,France,
301,Johny Placide (captain),FW,France,
302,Josuïŋ―ïŋ― Cas,GK,Canada,
303,Josuïŋ―ïŋ― Duve,DF,Switzerland,
304,Keeto Thermoncy,FW,France,
305,Lenny Joseph,MF,Haiti,
306,Louicius Deedson,FW,Haiti,
307,Martin Expïŋ―ïŋ―ri,DF,France,
308,Ricardo Adïŋ,DF,Haiti,
309,Ruben Providence,FW,France,
310,Wilguens Paugain,DF,Haiti,
311,Wilson Isidor,FW,France,
650,Woodensky Pierre,MF,Haiti,
651,Yassin Fortunïŋ,FW,France,
652,Ali Alipour,FW,Iran,
653,Ali Nemati,DF,Iran,
654,Alireza Beiranvand,GK,Iran,
655,Alireza Jahanbakhsh,MF,Iran,
656,Amirhossein Hosseinzadeh,FW,Iran,
657,Amirmohammad Razzaghinia,MF,Iran,
658,Aria Yousefi,MF,Iran,
659,Danial Eiri,DF,Iran,
660,Dennis Eckert,FW,Germany,
661,Ehsan Hajsafi (captain),DF,Iran,
662,Hossein Hosseini,GK,Iran,
663,Hossein Kanaanizadegan,DF,Iran,
664,Mahdi Torabi,MF,Iran,
665,Mehdi Ghayedi,FW,Iran,
666,Mehdi Taremi,MF,Iran,
667,Milad Mohammadi,DF,Iran,
668,Mohammad Ghorbani,MF,Iran,
669,Mohammad Mohebi,MF,Iran,
670,Payam Niazmand,GK,Iran,
671,Ramin Rezaeian,DF,Iran,
672,Rouzbeh Cheshmi,MF,Iran,
673,Saeid Ezatolahi,MF,Iran,
674,Saleh Hardani,DF,Iran,
675,Saman Ghoddos,MF,Sweden,
910,Shahriyar Moghanlou,FW,Iran,
911,Shojae Khalilzadeh,DF,Iran,
912,Ahmed Basil,GK,Iraq,
913,Ahmed Maknzi,DF,Iraq,
914,Ahmed Qasem,MF,Sweden,
915,Aimar Sher,MF,Iraq,
916,Akam Hashim,DF,Iraq,
917,Ali Al-Hamadi,FW,Iraq,
918,Ali Jasim,MF,Iraq,
919,Ali Yousif,FW,Iraq,
920,Amir Al-Ammari,MF,Sweden,
921,Aymen Hussein,FW,Iraq,
922,Fahad Talib,GK,Iraq,
923,Frans Putros,DF,Denmark,
924,Hussein Ali,DF,Sweden,
925,Ibrahim Bayesh,MF,Iraq,
926,Jalal Hassan (captain),GK,Iraq,
927,Kevin Yakob,MF,Sweden,
928,Marko Farji,DF,Iraq,
929,Merchas Doski,MF,Norway,
930,Mohanad Ali,DF,Germany,
931,Munaf Younis,FW,Iraq,
932,Mustafa Saadoon,DF,Iraq,
933,Rebin Sulaka,DF,Iraq,
934,Youssef Amyn,MF,Germany,
935,Zaid Ismail,MF,Iraq,
572,Zaid Tahseen,DF,Iraq,
573,Zidane Iqbal,MF,England,
574,Ao Tanaka,MF,Japan,
575,Ayase Ueda,FW,Japan,
576,Ayumu Seko,DF,Japan,
577,Daichi Kamada,MF,Japan,
578,Daizen Maeda,FW,Japan,
579,Hiroki Itïŋ,DF,Japan,
585,Junnosuke Suzuki,DF,Japan,
580,Junya Itïŋ,MF,Japan,
582,Kïŋ―ïŋ― Itakura (capt,DF,Japan,
581,Kaishïŋ―ïŋ― ,MF,Japan,
583,Keisuke Gotïŋ,GK,Japan,
584,Keisuke ïŋ―ïŋ―,FW,Japan,
586,Keito Nakamura,MF,Japan,
587,Kento Shiogai,FW,Japan,
588,Kïŋ―ïŋ―ki O,FW,Japan,
589,Ritsu Dïŋ―ï,MF,Japan,
590,Shïŋ―ïŋ―go Tanig,DF,Japan,
591,Shïŋ―ïŋ―to Mac,MF,Japan,
592,Takefusa Kubo,DF,Japan,
593,Takehiro Tomiyasu,GK,Japan,
596,Tomoki Hayakawa,DF,Japan,
594,Tsuyoshi Watanabe,MF,Japan,
595,Yïŋ―ïŋ―to Naga,DF,Japan,
597,Yuito Suzuki,FW,Japan,
1012,Yukinari Sugawara,DF,Japan,
1013,Zion Suzuki,GK,United States,
1014,Abdallah Al-Fakhouri,GK,Jordan,
1015,Abdallah Nasib,DF,Jordan,
1016,Ali Azaizeh,FW,Germany,
1017,Ali Olwan,FW,Jordan,
1018,Amer Jamous,MF,Jordan,
1019,Anas Badawi,DF,Jordan,
1020,Husam Abu Dahab,DF,Jordan,
1021,Ibrahim Sa'deh,MF,Jordan,
1022,Ihsan Haddad (captain),DF,Jordan,
1023,Mahmoud Al-Mardi,FW,Jordan,
1024,Mohammad Abualnadi,DF,United States,
1025,Mohammad Abu Zrayq,DF,error,
1026,Mohammad Abu Hashish,DF,Iraq,
1027,Mohammad Al-Dawoud,FW,Jordan,
1028,Mohammad Taha,MF,Jordan,
1029,Mohannad Abu Taha,MF,Jordan,
1030,Musa Al-Taamari,FW,Jordan,
1031,Nizar Al-Rashdan,MF,Jordan,
1032,Noor Al-Rawabdeh,MF,Jordan,
1033,Nour Bani Attiah,GK,Jordan,
1034,Odeh Al-Fakhouri,FW,Jordan,
1035,Rajaei Ayed,MF,Jordan,
1036,Saed Al-Rosan,DF,Jordan,
1037,Salim Obaid,DF,Jordan,
0,Yazan Al-Arab,DF,Jordan,
2,Yazeed Abulaila,GK,Jordan,
3,Alexis Vega,FW,Mexico,
4,Armando Gonzïŋ―ïŋ,FW,Mexico,
5,Brian Gutiïŋ―ïŋ―,MF,United States,
6,Carlos Acevedo,GK,Mexico,
7,Cïŋ―ïŋ―sar Hu,FW,Mexico,
9,Cïŋ―ïŋ―sar Montes (vice-capt,DF,Mexico,
10,Edson ïŋ―ïŋ―lvarez (capt,MF,Mexico,
11,Gilberto Mora,MF,Mexico,
12,Guillermo Martïŋ―ïŋ,FW,Mexico,
13,Guillermo Ochoa,GK,Mexico,
14,Israel Reyes,DF,Mexico,
15,Jesïŋ―ïŋ―s Gall,DF,Mexico,
16,Johan Vïŋ―ïŋ―squez (third capt,DF,Mexico,
17,Jorge Sïŋ―ïŋ―n,DF,Mexico,
18,Juliïŋ―ïŋ―n Quiïŋ,FW,Colombia,
1,Luis Chïŋ―ïŋ,MF,Mexico,
19,Luis Romo,MF,Mexico,
20,ýýlvaro Fidalgo,MF,Spain,
21,Mateo Chïŋ―ïŋ,DF,Mexico,
22,Obed Vargas,MF,United States,
23,Orbelïŋ―ïŋ―n Pi,MF,Mexico,
8,Raïŋ―ïŋ―l Jimï,FW,Mexico,
24,Raïŋ―ïŋ―l Ra,GK,Mexico,
25,ýýrik Lira,MF,Mexico,
234,Roberto Alvarado,MF,Mexico,
235,Santiago Gimïŋ―ïŋ,FW,Argentina,
236,,FW,Morocco,
237,Achraf Hakimi (captain),DF,Spain,
238,Ahmed Reda Tagnaouti,GK,Morocco,
239,Amine Sbaïŋ,DF,Netherlands,
240,Anass Salah-Eddine,FW,Morocco,
241,Ayoub El Kaabi,FW,Spain,
242,Ayoube Amaimouni,MF,France,
243,Ayyoub Bouaddi,MF,Morocco,
244,Azzedine Ounahi,MF,Belgium,
245,Bilal El Khannouss,FW,Spain,
246,Brahim Dïŋ―ï,DF,Spain,
247,Chadi Riad,FW,Belgium,
248,Chemsdine Talbi,MF,France,
249,Gessime Yassine,MF,Spain,
250,Ismael Saibari,DF,France,
251,Issa Diop,GK,Spain,
252,Marwane Saïŋ―ïŋ―,DF,Morocco,
253,Munir Mohamedi,MF,France,
254,Neil El Aynaoui,DF,Netherlands,
255,Noussair Mazraoui,DF,France,
256,Redouane Halhal,MF,France,
257,Samir El Mourabet,MF,Netherlands,
258,Sofyan Amrabat,FW,Morocco,
259,Soufiane Rahimi,GK,Canada,
520,Yassine Bounou (vice-captain),DF,Morocco,
521,Youssef Belammari,DF,Belgium,
522,Zakaria El Ouahdi,GK,Netherlands,
523,Bart Verbruggen,FW,Netherlands,
524,Brian Brobbey,FW,Netherlands,
525,Cody Gakpo,FW,Netherlands,
526,Crysencio Summerville,DF,Netherlands,
527,Denzel Dumfries,FW,Netherlands,
528,Donyell Malen,MF,Netherlands,
529,Frenkie de Jong,MF,Zambia,
530,Guus Til,DF,Netherlands,
531,Jan Paul van Hecke,DF,Netherlands,
532,Jorrel Hato,MF,Netherlands,
533,Justin Kluivert,DF,Netherlands,
534,Lutsharel Geertruida,GK,Netherlands,
535,Mark Flekken,MF,Netherlands,
536,Marten de Roon,DF,Netherlands,
537,Mats Wieffer,FW,Netherlands,
538,Memphis Depay,DF,Netherlands,
539,Micky van de Ven,DF,Netherlands,
540,Nathan Akïŋ,FW,Netherlands,
541,Noa Lang,MF,Netherlands,
542,Quinten Timber,GK,Netherlands,
543,Robin Roefs,MF,Netherlands,
544,Ryan Gravenberch,MF,Netherlands,
545,Teun Koopmeiners,MF,Netherlands,
702,Tijjani Reijnders,DF,Netherlands,
703,Virgil van Dijk (captain),FW,Netherlands,
704,Wout Weghorst,GK,New Zealand,
705,Alex Paulsen,MF,Switzerland,
706,Alex Rufer,MF,New Zealand,
707,Ben Old,FW,New Zealand,
708,Ben Waine,DF,Scotland,
709,Callan Elliot,MF,New Zealand,
710,Callum McCowatt,FW,New Zealand,
711,Chris Wood (captain),MF,New Zealand,
712,Elijah Just,DF,Wales,
713,Finn Surman,DF,New Zealand,
714,Francis de Vries,FW,New Zealand,
715,Jesse Randall,MF,England,
716,Joe Bell,FW,New Zealand,
717,Kosta Barbarouses,MF,Australia,
718,Lachlan Bayliss,DF,New Zealand,
719,Liberato Cacace,MF,New Zealand,
720,Logan Rogerson,MF,New Zealand,
721,Marko Stameniïŋ,GK,New Zealand,
722,Max Crocombe,DF,New Zealand,
723,Michael Boxall,GK,New Zealand,
724,Michael Woud,DF,Netherlands,
725,Nando Pijnaker,MF,New Zealand,
726,Ryan Thomas,MF,New Zealand,
727,Sarpreet Singh,DF,New Zealand,
858,Tim Payne,DF,England,
859,Tommy Smith,DF,New Zealand,
860,Tyler Bindon,FW,Norway,
861,Alexander Sïŋ―ïŋ―r,MF,Norway,
862,Andreas Schjelderup,MF,Norway,
863,Antonio Nusa,DF,Norway,
864,David Mïŋ―ïŋ―ller W,GK,Norway,
865,Egil Selvik,FW,England,
866,Erling Haaland (vice-captain),DF,Norway,
867,Fredrik Andrïŋ―ïŋ― Bjïŋ,MF,Norway,
868,Fredrik Aursnes,DF,Norway,
869,Henrik Falchener,MF,Norway,
870,Jens Petter Hauge,FW,Norway,
871,Jïŋ―ïŋ―rgen Strand La,DF,Norway,
872,Julian Ryerson,MF,Norway,
873,Kristian Thorstvedt,DF,Norway,
874,Kristoffer Vassbakk Ajer,DF,Norway,
875,Leo ïŋ―ïŋ―stig,DF,Norway,
877,Marcus Holmgren Pedersen,MF,Norway,
878,Martin ïŋ―ïŋ―degaard (capt,MF,Norway,
876,Morten Thorsby,MF,Norway,
879,Oscar Bobb,MF,Norway,
880,Patrick Berg,GK,Norway,
881,ýýrjan Nyland,MF,Norway,
882,Sander Berge,GK,Norway,
883,Sander Tangvik,DF,Norway,
1220,Sondre Langïŋ―,MF,England,
1221,Thelo Aasgaard,DF,Norway,
1223,Torbjïŋ―ïŋ―rn He,MF,Panama,
1222,Adalberto Carrasquilla,MF,Panama,
1224,Alberto Quintero,MF,Panama,
1225,Amir Murillo,DF,Panama,
1226,Anïŋ―ïŋ―bal Godoy (capt,MF,Panama,
1230,Andrïŋ―ïŋ―s And,MF,Panama,
1227,Azarias Londoïŋ―,FW,Panama,
1228,Carlos Harvey,MF,Panama,
1229,Cecilio Waterman,DF,Panama,
1231,Cristian Martïŋ―ïŋ,GK,Panama,
1232,Cïŋ―ïŋ―sar Blac,MF,Panama,
1233,Cïŋ―ïŋ―sar Sam,DF,Panama,
1234,Cïŋ―ïŋ―sar Y,DF,Panama,
1235,Edgardo Fariïŋ―,DF,Panama,
1236,Eric Davis,FW,Panama,
1237,Fidel Escobar,DF,Panama,
1238,Ismael Dïŋ―ï,DF,Panama,
1239,Jiovany Ramos,DF,Panama,
1240,Jorge Gutiïŋ―ïŋ―,FW,Panama,
1241,Josïŋ―ïŋ― Cïŋ―,MF,Panama,
1242,Josïŋ―ïŋ― Faj,GK,Panama,
1243,Josïŋ―ïŋ― Luis Rodrïŋ,DF,Panama,
1244,Luis Mejïŋ―,GK,Panama,
1245,Orlando Mosquera,DF,Panama,
365,Roderick Miller,FW,Panama,
366,Tomïŋ―ïŋ―s Rodrïŋ,MF,Panama,
367,Yoel Bïŋ―ïŋ―rc,DF,Paraguay,
368,Alexandro Maidana,MF,Argentina,
369,Andrïŋ―ïŋ―s C,FW,Paraguay,
370,Antonio Sanabria,MF,Paraguay,
371,Braian Ojeda,MF,Paraguay,
372,Damiïŋ―ïŋ―n Bobad,MF,Paraguay,
373,Diego Gïŋ―ïŋ,DF,Paraguay,
374,Fabiïŋ―ïŋ―n Balb,FW,Paraguay,
375,Gabriel ïŋ―ïŋ―v,GK,Uruguay,
376,Gastïŋ―ïŋ―n Olv,GK,Paraguay,
377,Gatito Fernïŋ―ïŋ―,MF,Paraguay,
378,Gustavo Caballero,DF,Paraguay,
382,Gustavo Gïŋ―ïŋ,DF,Paraguay,
379,Gustavo Velïŋ―ïŋ―z,FW,Paraguay,
380,Isidro Pitta,DF,Paraguay,
381,Jïŋ―ïŋ―nior Al,DF,Paraguay,
383,Josïŋ―ïŋ― Ca,DF,Argentina,
364,Juan Josïŋ―ïŋ― Cïŋ―,FW,Paraguay,
384,Julio Enciso,FW,Argentina,
385,Kaku,FW,Paraguay,
386,ýýlex Arce,MF,Paraguay,
387,Matïŋ―ïŋ―as Gal,MF,Brazil,
388,Maurïŋ―ïŋ,MF,Paraguay,
389,Miguel Almirïŋ―,DF,Paraguay,
1038,Omar Alderete,GK,Paraguay,
1039,Orlando Gill,MF,Paraguay,
1040,Ramïŋ―ïŋ―n ,MF,Portugal,
1041,Bernardo Silva,MF,Portugal,
1042,Bruno Fernandes,FW,Portugal,
1043,Cristiano Ronaldo (captain),GK,Switzerland,
1044,Diogo Costa,DF,Portugal,
1045,Diogo Dalot,FW,Portugal,
1046,Francisco Conceiïŋ―ïŋ,FW,Portugal,
1047,Francisco Trincïŋ―,FW,Portugal,
1048,Gonïŋ―ïŋ―alo Gu,DF,Portugal,
1049,Gonïŋ―ïŋ―alo Inï,FW,Portugal,
1050,Gonïŋ―ïŋ―alo R,DF,Portugal,
1051,Joïŋ―ïŋ―o Can,FW,Portugal,
1052,Joïŋ―ïŋ―o Fï,MF,Portugal,
1053,Joïŋ―ïŋ―o N,GK,Portugal,
1054,Josïŋ―ïŋ―,DF,Brazil,
1055,Matheus Nunes,DF,Portugal,
1056,Nïŋ―ïŋ―lson Se,DF,Portugal,
1058,Nuno Mendes,FW,Portugal,
1059,Pedro Neto,FW,Portugal,
1057,Rafael Leïŋ―,DF,Portugal,
1060,Rïŋ―ïŋ―ben ,MF,Portugal,
1061,Rïŋ―ïŋ―ben N,DF,Portugal,
1062,Renato Veiga,GK,Portugal,
1063,Rui Silva,MF,Portugal,
156,Samïŋ―ïŋ― C,DF,Portugal,
158,Tomïŋ―ïŋ―s Ara,MF,Portugal,
157,Vitinha,MF,Qatar,
159,Abdulaziz Hatem,FW,Egypt,
160,Ahmed Alaaeldin,MF,Qatar,
161,Ahmed Al-Ganehi,MF,Egypt,
162,Ahmed Fathy,FW,Qatar,
163,Akram Afif,DF,Qatar,
164,Al-Hashmi Al-Hussain,FW,Sudan,
165,Almoez Ali,MF,Sudan,
166,Assim Madibo,DF,Qatar,
167,Ayoub Al-Oui,DF,Algeria,
168,Boualem Khoukhi,FW,Belgium,
169,Edmilson Junior,FW,Qatar,
170,Hassan Al-Haydos (captain),DF,Qatar,
171,Homam Ahmed,DF,Senegal,
172,Issa Laye,DF,Qatar,
173,Jassem Gaber,MF,France,
174,Karim Boudiaf,DF,Brazil,
175,Lucas Mendes,GK,Qatar,
176,Mahmud Abunada,GK,Sudan,
177,Meshaal Barsham,FW,Qatar,
178,Mohamed Manai,FW,Ghana,
179,Mohammed Muntari,DF,Portugal,
180,Pedro Miguel,GK,Egypt,
181,Salah Zakaria,DF,Qatar,
780,Sultan Al-Brake,FW,Qatar,
781,Tahsin Jamshid,FW,Somalia,
782,Yusuf Abdurisag,DF,Saudi Arabia,
783,Abdulelah Al-Amri,FW,Saudi Arabia,
784,Abdullah Al-Hamdan,MF,Saudi Arabia,
785,Abdullah Al-Khaibari,GK,Saudi Arabia,
786,Ahmed Al-Kassar,MF,Saudi Arabia,
787,Alaa Al-Hejji,DF,Saudi Arabia,
788,Ali Lajami,DF,Saudi Arabia,
789,Ali Majrashi,MF,Saudi Arabia,
790,Ayman Yahya,FW,Saudi Arabia,
791,Firas Al-Buraikan,DF,Saudi Arabia,
792,Hassan Al-Tambakti,DF,Saudi Arabia,
793,Hassan Kadesh,DF,Saudi Arabia,
794,Jehad Thakri,FW,Saudi Arabia,
795,Khalid Al-Ghannam,MF,Saudi Arabia,
796,Mohamed Kanno (vice-captain),DF,Saudi Arabia,
797,Mohammed Abu Al-Shamat,GK,Saudi Arabia,
798,Mohammed Al-Owais,DF,Saudi Arabia,
799,Moteb Al-Harbi,MF,Saudi Arabia,
800,Musab Al-Juwayr,MF,Saudi Arabia,
801,Nasser Al-Dawsari,GK,Saudi Arabia,
802,Nawaf Al-Aqidi,DF,Saudi Arabia,
803,Nawaf Boushal,FW,Saudi Arabia,
804,Saleh Al-Shehri,MF,Saudi Arabia,
805,Salem Al-Dawsari (captain),DF,Saudi Arabia,
260,Saud Abdulhamid,MF,Saudi Arabia,
261,Sultan Mandash,MF,Saudi Arabia,
262,Ziyad Al-Johani,DF,Scotland,
263,Aaron Hickey,DF,Scotland,
264,Andy Robertson (captain),GK,England,
265,Angus Gunn,DF,Scotland,
266,Anthony Ralston,MF,Scotland,
267,Ben Gannon-Doak,FW,England,
268,Chïŋ―ïŋ― A,GK,Scotland,
269,Craig Gordon,DF,Scotland,
270,Dominic Hyam,MF,Scotland,
271,Findlay Curtis,FW,England,
272,George Hirst,DF,Scotland,
273,Grant Hanley,DF,Scotland,
274,Jack Hendry,MF,Scotland,
275,John McGinn,DF,Scotland,
276,John Souttar,MF,Scotland,
277,Kenny McLean,DF,Isle of Man,
278,Kieran Tierney,FW,Scotland,
279,Lawrence Shankland,MF,Scotland,
280,Lewis Ferguson,GK,Scotland,
281,Liam Kelly,FW,Australia,
282,Lyndon Dykes,DF,Scotland,
283,Nathan Patterson,FW,Scotland,
284,Ross Stewart,MF,Scotland,
285,Ryan Christie,DF,Scotland,
884,Scott McKenna,MF,England,
885,Scott McTominay,MF,England,
886,Tyler Fletcher,DF,Senegal,
887,Abdoulaye Seck,DF,France,
888,Antoine Mendy,FW,Senegal,
889,Assane Diao,FW,Senegal,
890,Bamba Dieng,MF,Senegal,
891,Bara Sapoko Ndiaye,FW,Senegal,
892,Cherif Ndiaye,GK,France,
893,ýýdouard Mendy,DF,Senegal,
894,El Hadji Malick Diouf,MF,Senegal,
895,Habib Diarra,FW,France,
896,Ibrahim Mbaye,MF,Senegal,
897,Idrissa Gueye,FW,France,
898,Iliman Ndiaye,DF,Germany,
899,Ismail Jakobs,FW,Senegal,
900,Ismaïŋ―ïŋ―la ,DF,France,
901,Kalidou Koulibaly,DF,Senegal,
902,Krïŋ―ïŋ―pin Di,MF,Senegal,
903,Lamine Camara,DF,France,
904,Mamadou Sarr,GK,France,Senegal
905,Mory Diaw,DF,France,
906,Moussa Niakhatïŋ,FW,The Gambia,
907,Nicolas Jackson,MF,France,
908,Pape Gueye,MF,Senegal,
909,Pape Matar Sarr,MF,Senegal,
52,Pathïŋ―ïŋ― ,FW,Senegal,
53,Sadio Manïŋ,GK,France,
54,Yehvann Diouf,DF,South Africa,
55,Aubrey Modiba (fifth captain),DF,South Africa,
56,Bradley Cross,FW,South Africa,
57,Evidence Makgopa,DF,South Africa,
58,Ime Okon,FW,South Africa,
59,Iqraam Rayners,MF,South Africa,
60,Jayden Adams,FW,South Africa,
61,Kamogelo Sebelebele,DF,South Africa,
62,Khuliso Mudau,DF,South Africa,
63,Khulumani Ndamane,FW,South Africa,
64,Lyle Foster,DF,South Africa,
65,Mbekezeli Mbokazi,DF,South Africa,
66,Nkosinathi Sibisi,DF,South Africa,
67,Olwethu Makhanya,FW,South Africa,
68,Oswin Appollis,FW,South Africa,
69,Relebohile Mofokeng,GK,South Africa,
70,Ricardo Goss,GK,South Africa,
71,Ronwen Williams (captain),DF,South Africa,
72,Samukele Kabini,GK,South Africa,
73,Sipho Chaine,MF,South Africa,
74,Teboho Mokoena (fourth captain),MF,South Africa,
75,Thabang Matuludi,DF,South Africa,
76,Thalente Mbatha,MF,South Africa,
77,Thapelo Maseko,FW,South Africa,
78,Themba Zwane (vice-captain),FW,South Africa,
79,Tshepang Moremi,FW,South Africa,
80,Yaya Sithole,MF,South Korea,
81,Bae Jun-ho,FW,South Korea,
82,Cho Gue-sung,DF,South Korea,
83,Cho Wi-je,MF,South Korea,
84,Eom Ji-sung,MF,South Korea,
85,Hwang Hee-chan,MF,South Korea,
86,Hwang In-beom,DF,Germany,
87,Jens Castrop,GK,South Korea,
88,Jo Hyeon-woo,MF,South Korea,
89,Kim Jin-gyu,DF,South Korea,
90,Kim Min-jae,DF,South Korea,
91,Kim Moon-hwan,GK,South Korea,
92,Kim Seung-gyu,DF,South Korea,
93,Kim Tae-hyeon,MF,South Korea,
94,Lee Dong-gyeong,DF,South Korea,
95,Lee Gi-hyuk,DF,South Korea,
96,Lee Han-beom,MF,South Korea,
97,Lee Jae-sung,MF,South Korea,
98,Lee Kang-in,DF,South Korea,
99,Lee Tae-seok,FW,South Korea,
100,Oh Hyeon-gyu,MF,South Korea,
101,Paik Seung-ho,DF,South Korea,
102,Park Jin-seob,DF,South Korea,
103,Seol Young-woo,FW,South Korea,
730,Son Heung-min (captain),GK,South Korea,
731,Song Bum-keun,MF,South Korea,
732,Yang Hyun-jun,DF,France,
733,Aymeric Laporte,FW,Spain,
734,Borja Iglesias,FW,Spain,
735,Dani Olmo,GK,Spain,
736,David Raya,DF,Spain,
737,Eric Garcïŋ―,MF,Spain,
738,Fabiïŋ―ïŋ―n ,FW,Spain,
739,Ferran Torres,MF,Spain,
728,Gavi,GK,Spain,
729,Joan Garcia,FW,Spain,
740,Lamine Yamal,MF,Spain,
741,ýýlex Baena,DF,Spain,
742,ýýlex Grimaldo,DF,Spain,
743,Marc Cucurella,DF,Spain,
744,Marc Pubill,DF,Spain,
745,Marcos Llorente,MF,Spain,
746,Martïŋ―ïŋ―n Zubim,MF,Spain,
747,Mikel Merino,FW,Spain,
748,Mikel Oyarzabal,FW,Spain,
749,Nico Williams,DF,Spain,
750,Pau Cubarsïŋ,MF,Spain,
751,Pedri,DF,Spain,
752,Pedro Porro,MF,Spain,
753,Rodri (captain),GK,Spain,
546,Unai Simïŋ―,FW,Spain,
547,Vïŋ―ïŋ―ctor Mu,FW,Spain,
548,Yïŋ―ïŋ―remy ,FW,Sweden,
549,Alexander Bernhardsson,FW,Sweden,
550,Alexander Isak,FW,Sweden,
551,Anthony Elanga,FW,Sweden,
552,Benjamin Nygren,MF,Sweden,
553,Besfort Zeneli,DF,Sweden,
554,Carl Starfelt,DF,Sweden,
555,Daniel Svensson,DF,Sweden,
556,Elliot Stroud,DF,Sweden,
557,Eric Smith,DF,Sweden,
558,Gabriel Gudmundsson,DF,Sweden,
559,Gustaf Lagerbielke,FW,Sweden,
560,Gustaf Nilsson,DF,Sweden,
561,Herman Johansson,DF,Sweden,
562,Hjalmar Ekdal,DF,Sweden,
563,Isak Hien (vice-captain),GK,Sweden,
564,Jacob Widell Zetterstrïŋ―,MF,Sweden,
565,Jesper Karlstrïŋ―,MF,Sweden,
566,Ken Sema,GK,Sweden,
567,Kristoffer Nordfeldt,MF,Sweden,
568,Lucas Bergvall,MF,Sweden,
569,Mattias Svanberg,FW,Sweden,
570,Taha Ali,DF,Sweden,
571,Victor Lindelïŋ―ïŋ―f (capt,FW,Sweden,
182,Viktor Gyïŋ―ïŋ―k,GK,Sweden,
183,Viktor Johansson,MF,Sweden,
184,Yasin Ayari,MF,Switzerland,
185,Ardon Jashari,DF,Switzerland,
186,Aurïŋ―ïŋ―le Am,FW,Cameroon,
187,Breel Embolo (fifth captain),FW,Switzerland,
188,Cedric Itten,MF,Switzerland,
189,Christian Fassnacht,FW,Switzerland,
190,Dan Ndoye,MF,Switzerland,
191,Denis Zakaria,MF,Switzerland,
192,Djibril Sow,DF,Switzerland,
193,Eray Cïŋ―ïŋ―,MF,Switzerland,
194,Fabian Rieder,MF,Switzerland,
195,Granit Xhaka (captain),GK,Switzerland,
196,Gregor Kobel,MF,Switzerland,
197,Johan Manzambi,DF,Switzerland,
198,Luca Jaquez,DF,Switzerland,
199,Manuel Akanji (fourth captain),GK,England,
200,Marvin Keller,MF,Switzerland,
201,Michel Aebischer,DF,Switzerland,
202,Miro Muheim,DF,Switzerland,
203,Nico Elvedi,FW,Switzerland,
204,Noah Okafor,MF,Switzerland,
205,Remo Freuler (third captain),DF,Switzerland,
206,Ricardo Rodriguez (vice-captain),FW,Switzerland,
207,Rubïŋ―ïŋ―n Va,DF,Switzerland,
598,Silvan Widmer,GK,Cameroon,
599,Yvon Mvogo,FW,Switzerland,
600,Zeki Amdouni,DF,Saudi Arabia,
601,Adem Arous,DF,Tunisia,
602,Ali Abdi,MF,Denmark,
603,Anis Ben Slimane,GK,Tunisia,
604,Aymen Dahmen,DF,France,
605,Dylan Bronn,FW,France,
606,Elias Achouri,FW,Germany,
607,Elias Saad,MF,France,
608,Ellyes Skhiri (captain),FW,Tunisia,
609,Firas Chaouat,MF,Tunisia,
610,Hadj Mahmoud,MF,France,
611,Hannibal Mejbri,FW,Tunisia,
612,Hazem Mastouri,MF,France,
613,Ismaïŋ―ïŋ―l Gh,FW,Tunisia,
614,Khalil Ayari,DF,Tunisia,
615,Mohamed Amine Ben Hamida,DF,France,
616,Montassar Talbi,MF,Tunisia,
617,Mortadha Ben Ouanes,GK,Tunisia,
618,Mouhib Chamakh,DF,Sweden,
619,Moutaz Neffati,DF,Netherlands,
620,Omar Rekik,DF,Tunisia,
621,Raed Chikhaoui,MF,Germany,
622,Rani Khedira,FW,Canada,
623,Rayan Elloumi,GK,Tunisia,
338,Sabri Ben Hessen,FW,Norway,
342,Sebastian Tounekti,DF,France,
339,Yan Valery,DF,Turkey,
340,Abdïŋ―ïŋ―lkerim Barda,DF,Turkey,
341,ýýaýýlar Sýýyýýncýý (fourth captain),GK,Turkey,
343,Altay Bayïŋ―ïŋ―n,FW,Turkey,
344,Arda Gïŋ―ïŋ,FW,Turkey,
345,Barïŋ―ïŋ―ïŋ―ïŋ― Alper,FW,Germany,
346,Can Uzun,FW,Sweden,
347,Deniz Gïŋ―,DF,Turkey,
350,Eren Elmalïŋ,DF,Netherlands,
351,Ferdi Kadïŋ―ïŋ―o,MF,Germany,
352,Hakan ïŋ―ïŋ―alhanoïŋ―ïŋ―lu (,MF,Germany,
353,Kaan Ayhan (vice-captain),FW,Germany,
354,Kenan Yïŋ―ïŋ―l,FW,Turkey,
355,Kerem Aktïŋ―ïŋ―rko,DF,Turkey,
357,Merih Demiral (third captain),GK,Turkey,
356,Mert Gïŋ―ïŋ,DF,Austria,
358,Mert Mïŋ―ïŋ―l,MF,Netherlands,
348,Orkun Kïŋ―ïŋ―k,FW,Netherlands,
359,Oïŋ―ïŋ―uz Ay,DF,Turkey,
360,Ozan Kabak,FW,Turkey,
349,ýýrfan Can Kahveci,MF,Germany,
361,Salih ïŋ―ïŋ―,DF,Turkey,
362,Samet Akaydin,MF,Turkey,
363,ýýsmail Yýýksek,GK,Turkey,
312,Uïŋ―ïŋ―urcan ïŋ―,FW,Turkey,
313,Yunus Akgïŋ―,DF,Turkey,
314,Zeki ïŋ―ïŋ―elik (fifth capt,FW,Mexico,
315,Alejandro Zendejas,DF,United States,
316,Alex Freeman,DF,England,
317,Antonee Robinson,DF,United States,
318,Auston Trusty,FW,United States,
319,Brenden Aaronson,GK,United States,
320,Chris Brady,DF,United States,
321,Chris Richards,FW,United States,
322,Christian Pulisic,MF,United States,
323,Cristian Roldan,FW,United States,
324,Folarin Balogun,MF,England,
325,Giovanni Reyna,FW,United States,
326,Haji Wright,DF,United States,
327,Joe Scally,MF,Germany,
328,Malik Tillman,DF,United States,
329,Mark McKenzie,GK,United States,
330,Matt Freese,GK,United States,
331,Matt Turner,DF,United States,
332,Max Arfsten,DF,United States,
333,Miles Robinson,FW,United States,
334,Ricardo Pepi,MF,England,
335,Sebastian Berhalter,DF,Netherlands,
336,Sergiïŋ―ïŋ―o ,DF,United States,
337,Tim Ream (Captain),FW,United States,
754,Timothy Weah,MF,United States,
755,Tyler Adams,MF,United States,
756,Weston McKennie,MF,Uruguay,
757,Agustïŋ―ïŋ―n Cano,MF,Uruguay,
758,Brian Rodrïŋ―ïŋ―,FW,Uruguay,
759,Darwin Nïŋ―ïŋ―,MF,Uruguay,
760,Emiliano Martïŋ―ïŋ,MF,Uruguay,
761,Facundo Pellistri,MF,Uruguay,
762,Federico Valverde (captain),FW,Uruguay,
763,Federico Viïŋ―ï,GK,Argentina,
764,Fernando Muslera,MF,Uruguay,
765,Giorgian de Arrascaeta,DF,Uruguay,
766,Guillermo Varela,DF,Uruguay,
767,Joaquïŋ―ïŋ―n Piqu,DF,Uruguay,
769,Josïŋ―ïŋ― Marïŋ―ïŋ―a Gimïŋ―ïŋ―nez (v,MF,Uruguay,
768,Juan Manuel Sanabria,MF,Uruguay,
770,Manuel Ugarte,DF,Uruguay,
771,Matïŋ―ïŋ―as V,DF,Uruguay,
772,Mathïŋ―ïŋ―as Oli,MF,Uruguay,
773,Maximiliano Araïŋ―ï,MF,Uruguay,
774,Nicolïŋ―ïŋ―s de la ,FW,Uruguay,
775,Rodrigo Aguirre,MF,Uruguay,
776,Rodrigo Bentancur,MF,Spain,
777,Rodrigo Zalazar,DF,Uruguay,
778,Ronald Araïŋ―ïŋ―jo (vice-capt,DF,Uruguay,
779,Santiago Bueno,GK,Uruguay,
1116,Santiago Mele,DF,Uruguay,
1117,Sebastiïŋ―ïŋ―n Cïŋ―,GK,Uruguay,
1118,Sergio Rochet,MF,Uzbekistan,
1119,Abbosbek Fayzullaev,DF,Uzbekistan,
1120,Abdukodir Khusanov,DF,Uzbekistan,
1121,Abdulla Abdullaev,GK,Uzbekistan,
1122,Abduvohid Nematov,MF,Uzbekistan,
1123,Akmal Mozgovoy,DF,Uzbekistan,
1124,Avazbek Ulmasaliev,FW,Uzbekistan,
1125,Azizbek Amonov,MF,Uzbekistan,
1126,Azizjon Ganiev,DF,Uzbekistan,
1127,Bekhruz Karimov,GK,Uzbekistan,
1128,Botirali Ergashev,MF,Uzbekistan,
1129,Dostonbek Khamdamov,FW,Uzbekistan,
1130,Eldor Shomurodov (captain),DF,Uzbekistan,
1131,Farrukh Sayfiev,FW,Uzbekistan,
1132,Igor Sergeev,DF,Uzbekistan,
1133,Jakhongir Urozov,MF,Uzbekistan,
1134,Jamshid Iskanderov,MF,Uzbekistan,
1135,Khojiakbar Alijonov,DF,Uzbekistan,
1136,Odiljon Hamrobekov,MF,Uzbekistan,
1137,Oston Urunov,MF,Uzbekistan,
1138,Otabek Shukurov,MF,Uzbekistan,
1139,Ruslanbek Jiyanov,DF,Uzbekistan,
1140,Rustam Ashurmatov,MF,Uzbekistan,
1141,Sherzod Esanov,DF,Uzbekistan,
,Sherzod Nasrullaev,DF,Uzbekistan,
,Umar Eshmurodov,GK,Kazakhstan,
,Utkir Yusupov,,,
