team_name,player_name,birth_country,citizenship,representing,data_complete
Algeria,Achref Abada,Algeria,Algeria,Algeria,TRUE
Algeria,Adil Boulbina,Algeria,,Algeria,FALSE
Algeria,Aïssa Mandi,France,Algeria,Algeria,TRUE
Algeria,Amine Gouiri,France,Algeria; France,Algeria,TRUE
Algeria,Anis Hadj Moussa,France,Algeria,Algeria,TRUE
Algeria,Farès Chaïbi,France,Algeria; France,Algeria,TRUE
Algeria,Farès Ghedjemis,France,,Algeria,FALSE
Algeria,Hicham Boudaoui,Algeria,Algeria,Algeria,TRUE
Algeria,Houssem Aouar,France,Algeria; France,Algeria,TRUE
Algeria,Ibrahim Maza,Germany,Algeria; Germany,Algeria,TRUE
Algeria,Jaouen Hadjam,France,Algeria; France,Algeria,TRUE
Algeria,Luca Zidane,France,Algeria; France,Algeria,TRUE
Algeria,Melvin Mastil,France,Algeria; France,Algeria,TRUE
Algeria,Mohamed Amine Tougai,Algeria,,Algeria,FALSE
Algeria,Mohamed Amoura,Algeria,Algeria; Belgium; Switzerland,Algeria,TRUE
Algeria,Nabil Bentaleb,France,Algeria; France,Algeria,TRUE
Algeria,Nadhir Benbouali,Algeria,,Algeria,FALSE
Algeria,Oussama Benbot,Algeria,Algeria,Algeria,TRUE
Algeria,Rafik Belghali,Belgium,Belgium,Algeria,TRUE
Algeria,Ramiz Zerrouki,Netherlands,Algeria; Kingdom of the Netherlands,Algeria,TRUE
Algeria,Ramy Bensebaini,Algeria,Algeria,Algeria,TRUE
Algeria,Rayan Aït-Nouri,France,Algeria; France,Algeria,TRUE
Algeria,Riyad Mahrez,France,,Algeria,FALSE
Algeria,Samir Chergui,France,Algeria,Algeria,TRUE
Algeria,Yacine Titraoui,Algeria,Algeria,Algeria,TRUE
Algeria,Zineddine Belaïd,Algeria,Algeria,Algeria,TRUE
Argentina,Alexis Mac Allister,Argentina,Argentina,Argentina,TRUE
Argentina,Cristian Romero,Argentina,Argentina,Argentina,TRUE
Argentina,Emiliano Martínez,Argentina,Argentina,Argentina,TRUE
Argentina,Enzo Fernández,Argentina,,Argentina,FALSE
Argentina,Exequiel Palacios,Argentina,Argentina,Argentina,TRUE
Argentina,Facundo Medina,Argentina,Argentina,Argentina,TRUE
Argentina,Gerónimo Rulli,Argentina,Argentina,Argentina,TRUE
Argentina,Giovani Lo Celso,Argentina,Argentina; Italy,Argentina,TRUE
Argentina,Giuliano Simeone,Italy,,Argentina,FALSE
Argentina,Gonzalo Montiel,Argentina,Argentina,Argentina,TRUE
Argentina,José Manuel López,Argentina,Argentina,Argentina,TRUE
Argentina,Juan Musso,Argentina,,Argentina,FALSE
Argentina,Julián Alvarez,Argentina,Argentina,Argentina,TRUE
Argentina,Lautaro Martínez,Argentina,Argentina,Argentina,TRUE
Argentina,Leandro Paredes,Argentina,Argentina,Argentina,TRUE
Argentina,Lionel Messi,Argentina,Argentina; Italy; Spain,Argentina,TRUE
Argentina,Lisandro Martínez,Argentina,,Argentina,FALSE
Argentina,Marcos Senesi,Argentina,Argentina,Argentina,TRUE
Argentina,Nahuel Molina,Argentina,Argentina,Argentina,TRUE
Argentina,Nico Paz,Spain,Argentina; Spain,Argentina,TRUE
Argentina,Nicolás González,Argentina,Argentina,Argentina,TRUE
Argentina,Nicolás Otamendi,Argentina,Argentina,Argentina,TRUE
Argentina,Nicolás Tagliafico,Argentina,Argentina,Argentina,TRUE
Argentina,Rodrigo De Paul,Argentina,Argentina; Italy,Argentina,TRUE
Argentina,Thiago Almada,Argentina,Argentina,Argentina,TRUE
Argentina,Valentín Barco,Argentina,Argentina,Argentina,TRUE
Australia,Aiden O'Neill,Australia,,Australia,FALSE
Australia,Ajdin Hrustic,Australia,,Australia,FALSE
Australia,Alessandro Circati,Italy,Australia; Italy,Australia,TRUE
Australia,Awer Mabil,Kenya,Australia,Australia,TRUE
Australia,Aziz Behich,Australia,Australia,Australia,TRUE
Australia,Cameron Burgess,Scotland,,Australia,FALSE
Australia,Cammy Devlin,Australia,Australia,Australia,TRUE
Australia,Connor Metcalfe,Australia,Australia,Australia,TRUE
Australia,Cristian Volpato,Australia,Australia; Italy,Australia,TRUE
Australia,Harry Souttar,Scotland,,Australia,FALSE
Australia,Jackson Irvine,Australia,Australia,Australia,TRUE
Australia,Jacob Italiano,Australia,Australia,Australia,TRUE
Australia,Jason Geria,Australia,Australia,Australia,TRUE
Australia,Jordan Bos,Australia,Australia,Australia,TRUE
Australia,Kai Trewin,Australia,Australia,Australia,TRUE
Australia,Lucas Herrington,Australia,Australia,Australia,TRUE
Australia,Mathew Leckie,Australia,,Australia,FALSE
Australia,Mathew Ryan,Australia,Australia,Australia,TRUE
Australia,Miloš Degenek,Croatia,Australia,Australia,TRUE
Australia,Mohamed Touré,Guinea,Australia; Guinea,Australia,TRUE
Australia,Nestory Irankunda,Tanzania,,Australia,FALSE
Australia,Nishan Velupillay,Australia,Australia,Australia,TRUE
Australia,Patrick Beach,Australia,Australia,Australia,TRUE
Australia,Paul Izzo,Australia,Australia,Australia,TRUE
Australia,Paul Okon-Engstler,Belgium,Australia; Italy,Australia,TRUE
Australia,Tete Yengi,Australia,Australia,Australia,TRUE
Austria,Alessandro Schöpf,Austria,Austria,Austria,TRUE
Austria,Alexander Prass,Austria,,Austria,FALSE
Austria,Alexander Schlager,Austria,Austria,Austria,TRUE
Austria,Carney Chukwuemeka,Austria,Austria,Austria,TRUE
Austria,David Affengruber,Austria,,Austria,FALSE
Austria,David Alaba,Austria,Austria,Austria,TRUE
Austria,Dejan Ljubičić,Austria,,Austria,FALSE
Austria,Florian Grillitsch,Austria,Austria,Austria,TRUE
Austria,Florian Wiegele,Austria,Austria,Austria,TRUE
Austria,Kevin Danso,Austria,Austria,Austria,TRUE
Austria,Konrad Laimer,Austria,Austria,Austria,TRUE
Austria,Marcel Sabitzer,Austria,Austria,Austria,TRUE
Austria,Marco Friedl,Austria,Austria,Austria,TRUE
Austria,Marko Arnautović,Austria,Austria,Austria,TRUE
Austria,Michael Gregoritsch,Austria,,Austria,FALSE
Austria,Michael Svoboda,Austria,Austria,Austria,TRUE
Austria,Nicolas Seiwald,Austria,Austria,Austria,TRUE
Austria,Patrick Pentz,Austria,,Austria,FALSE
Austria,Patrick Wimmer,Austria,Austria,Austria,TRUE
Austria,Paul Wanner,Austria,Austria; Germany,Austria,TRUE
Austria,Philipp Lienhart,Austria,,Austria,FALSE
Austria,Phillipp Mwene,Austria,Austria,Austria,TRUE
Austria,Romano Schmid,Austria,Austria,Austria,TRUE
Austria,Saša Kalajdžić,Austria,Austria,Austria,TRUE
Austria,Stefan Posch,Austria,Austria,Austria,TRUE
Austria,Xaver Schlager,Austria,Austria,Austria,TRUE
Belgium,Alexis Saelemaekers,Belgium,Belgium,Belgium,TRUE
Belgium,Amadou Onana,Senegal,Belgium,Belgium,TRUE
Belgium,Arthur Theate,Belgium,Belgium,Belgium,TRUE
Belgium,Axel Witsel,Belgium,Belgium,Belgium,TRUE
Belgium,Brandon Mechele,Belgium,,Belgium,FALSE
Belgium,Charles De Ketelaere,Belgium,,Belgium,FALSE
Belgium,Diego Moreira,Belgium,Belgium; Portugal,Belgium,TRUE
Belgium,Dodi Lukébakio,Belgium,Belgium,Belgium,TRUE
Belgium,Hans Vanaken,Belgium,Belgium,Belgium,TRUE
Belgium,Jérémy Doku,Belgium,Belgium,Belgium,TRUE
Belgium,Joaquin Seys,Belgium,Belgium,Belgium,TRUE
Belgium,Kevin De Bruyne,Belgium,Belgium,Belgium,TRUE
Belgium,Koni De Winter,Belgium,Belgium,Belgium,TRUE
Belgium,Leandro Trossard,Belgium,Belgium,Belgium,TRUE
Belgium,Matias Fernandez-Pardo,Belgium,,Belgium,FALSE
Belgium,Maxim De Cuyper,Belgium,,Belgium,FALSE
Belgium,Mike Penders,Belgium,Belgium,Belgium,TRUE
Belgium,Nathan Ngoy,Belgium,Belgium,Belgium,TRUE
Belgium,Nicolas Raskin,Belgium,,Belgium,FALSE
Belgium,Romelu Lukaku,Belgium,,Belgium,FALSE
Belgium,Senne Lammens,Belgium,Belgium,Belgium,TRUE
Belgium,Thibaut Courtois,Belgium,Belgium,Belgium,TRUE
Belgium,Thomas Meunier,Belgium,Belgium,Belgium,TRUE
Belgium,Timothy Castagne,Belgium,Belgium,Belgium,TRUE
Belgium,Youri Tielemans,Belgium,,Belgium,FALSE
Belgium,Zeno Debast,Belgium,Belgium,Belgium,TRUE
Bosnia and Herzegovina,Amar Dedić,Austria,Bosnia and Herzegovina,Bosnia and Herzegovina,TRUE
Bosnia and Herzegovina,Amar Memić,Bosnia and Herzegovina,Bosnia and Herzegovina,Bosnia and Herzegovina,TRUE
Bosnia and Herzegovina,Amir Hadžiahmetović,Denmark,,Bosnia and Herzegovina,FALSE
Bosnia and Herzegovina,Arjan Malić,Slovenia,Bosnia and Herzegovina; Slovenia,Bosnia and Herzegovina,TRUE
Bosnia and Herzegovina,Armin Gigović,Sweden,Bosnia and Herzegovina; Sweden,Bosnia and Herzegovina,TRUE
Bosnia and Herzegovina,Benjamin Tahirović,Sweden,Bosnia and Herzegovina; Sweden,Bosnia and Herzegovina,TRUE
Bosnia and Herzegovina,Dennis Hadžikadunić,Sweden,Bosnia and Herzegovina; Sweden,Bosnia and Herzegovina,TRUE
Bosnia and Herzegovina,Dženis Burnić,Germany,Bosnia and Herzegovina; Germany,Bosnia and Herzegovina,TRUE
Bosnia and Herzegovina,Edin Džeko,Bosnia and Herzegovina,Bosnia and Herzegovina,Bosnia and Herzegovina,TRUE
Bosnia and Herzegovina,Ermedin Demirović,Bosnia and Herzegovina,,Bosnia and Herzegovina,FALSE
Bosnia and Herzegovina,Ermin Mahmić,Austria,Austria; Bosnia and Herzegovina,Bosnia and Herzegovina,TRUE
Bosnia and Herzegovina,Esmir Bajraktarević,United States,Bosnia and Herzegovina; United States,Bosnia and Herzegovina,TRUE
Bosnia and Herzegovina,Haris Tabaković,Switzerland,Bosnia and Herzegovina; Switzerland,Bosnia and Herzegovina,TRUE
Bosnia and Herzegovina,Ivan Bašić,Croatia,Bosnia and Herzegovina; Croatia,Bosnia and Herzegovina,TRUE
Bosnia and Herzegovina,Ivan Šunjić,Bosnia and Herzegovina,Bosnia and Herzegovina; Croatia,Bosnia and Herzegovina,TRUE
Bosnia and Herzegovina,Jovo Lukić,Bosnia and Herzegovina,Bosnia and Herzegovina,Bosnia and Herzegovina,TRUE
Bosnia and Herzegovina,Kerim Alajbegović,Germany,,Bosnia and Herzegovina,FALSE
Bosnia and Herzegovina,Martin Zlomislić,Bosnia and Herzegovina,Bosnia and Herzegovina; Croatia,Bosnia and Herzegovina,TRUE
Bosnia and Herzegovina,Mladen Jurkas,Bosnia and Herzegovina,Bosnia and Herzegovina,Bosnia and Herzegovina,TRUE
Bosnia and Herzegovina,Nihad Mujakić,Bosnia and Herzegovina,Bosnia and Herzegovina,Bosnia and Herzegovina,TRUE
Bosnia and Herzegovina,Nikola Katić,Bosnia and Herzegovina,,Bosnia and Herzegovina,FALSE
Bosnia and Herzegovina,Nikola Vasilj,Bosnia and Herzegovina,,Bosnia and Herzegovina,FALSE
Bosnia and Herzegovina,Samed Baždar,Serbia,Bosnia and Herzegovina; Serbia,Bosnia and Herzegovina,TRUE
Bosnia and Herzegovina,Sead Kolašinac,Germany,Bosnia and Herzegovina; Germany,Bosnia and Herzegovina,TRUE
Bosnia and Herzegovina,Stjepan Radeljić,Bosnia and Herzegovina,Bosnia and Herzegovina,Bosnia and Herzegovina,TRUE
Bosnia and Herzegovina,Tarik Muharemović,Slovenia,Bosnia and Herzegovina; Slovenia,Bosnia and Herzegovina,TRUE
Brazil,Alex Sandro,Brazil,,Brazil,FALSE
Brazil,Alisson,Brazil,Brazil,Brazil,TRUE
Brazil,Bremer,Brazil,,Brazil,FALSE
Brazil,Bruno Guimarães,Brazil,,Brazil,FALSE
Brazil,Casemiro,Brazil,Brazil; Spain; United Kingdom,Brazil,TRUE
Brazil,Danilo Luiz,Brazil,,Brazil,FALSE
Brazil,Danilo Santos,Brazil,Brazil,Brazil,TRUE
Brazil,Douglas Santos,Brazil,,Brazil,FALSE
Brazil,Ederson Moraes,Brazil,Brazil; Portugal,Brazil,TRUE
Brazil,Éderson Silva,Brazil,Brazil,Brazil,TRUE
Brazil,Endrick,Brazil,Brazil,Brazil,TRUE
Brazil,Fabinho,Brazil,Brazil,Brazil,TRUE
Brazil,Gabriel Magalhães,Brazil,Brazil,Brazil,TRUE
Brazil,Gabriel Martinelli,Brazil,Brazil,Brazil,TRUE
Brazil,Igor Thiago,Brazil,Brazil,Brazil,TRUE
Brazil,Léo Pereira,Brazil,Brazil,Brazil,TRUE
Brazil,Lucas Paquetá,Brazil,Brazil,Brazil,TRUE
Brazil,Luiz Henrique,Brazil,,Brazil,FALSE
Brazil,Marquinhos,Brazil,,Brazil,FALSE
Brazil,Matheus Cunha,Brazil,,Brazil,FALSE
Brazil,Neymar,Brazil,Brazil,Brazil,TRUE
Brazil,Raphinha,Brazil,Brazil,Brazil,TRUE
Brazil,Rayan,Brazil,Brazil,Brazil,TRUE
Brazil,Roger Ibañez,Brazil,,Brazil,FALSE
Brazil,Vinícius Júnior,Brazil,Brazil; Spain,Brazil,TRUE
Brazil,Weverton,Brazil,Brazil,Brazil,TRUE
Canada,Alfie Jones,England,United Kingdom,Canada,TRUE
Canada,Ali Ahmed,Canada,Canada,Canada,TRUE
Canada,Alistair Johnston,Canada,Canada,Canada,TRUE
Canada,Alphonso Davies,Ghana,Canada; Liberia,Canada,TRUE
Canada,Cyle Larin,Canada,,Canada,FALSE
Canada,Dayne St. Clair,Canada,Canada,Canada,TRUE
Canada,Derek Cornelius,Canada,Canada; Jamaica,Canada,TRUE
Canada,Ismaël Koné,Ivory Coast,,Canada,FALSE
Canada,Jacob Shaffelburg,Canada,Canada,Canada,TRUE
Canada,Jayden Nelson,Canada,,Canada,FALSE
Canada,Joel Waterman,Canada,,Canada,FALSE
Canada,Jonathan David,United States,Canada; United States,Canada,TRUE
Canada,Jonathan Osorio,Canada,,Canada,FALSE
Canada,Liam Millar,Canada,Canada,Canada,TRUE
Canada,Luc de Fougerolles,England,Canada; United Kingdom,Canada,TRUE
Canada,Mathieu Choinière,Canada,,Canada,FALSE
Canada,Maxime Crépeau,Canada,Canada,Canada,TRUE
Canada,Moïse Bombito,Canada,Canada,Canada,TRUE
Canada,Nathan Saliba,Canada,Canada,Canada,TRUE
Canada,Niko Sigur,Canada,Canada,Canada,TRUE
Canada,Owen Goodman,England,United Kingdom,Canada,TRUE
Canada,Promise David,Canada,Canada,Canada,TRUE
Canada,Richie Laryea,Canada,Canada,Canada,TRUE
Canada,Stephen Eustáquio,Canada,,Canada,FALSE
Canada,Tajon Buchanan,Canada,Canada,Canada,TRUE
Canada,Tani Oluwaseyi,Nigeria,Nigeria,Canada,TRUE
Cape Verde,CJ dos Santos,United States,,Cape Verde,FALSE
Cape Verde,Dailon Livramento,Netherlands,Cape Verde; Kingdom of the Netherlands,Cape Verde,TRUE
Cape Verde,Deroy Duarte,Netherlands,,Cape Verde,FALSE
Cape Verde,Diney,Cape Verde,Portugal,Cape Verde,TRUE
Cape Verde,Garry Rodrigues,Netherlands,Cape Verde; Kingdom of the Netherlands,Cape Verde,TRUE
Cape Verde,Gilson Benchimol,Cape Verde,Cape Verde,Cape Verde,TRUE
Cape Verde,Hélio Varela,Portugal,Cape Verde; Portugal,Cape Verde,TRUE
Cape Verde,Jamiro Monteiro,Netherlands,Cape Verde; Kingdom of the Netherlands,Cape Verde,TRUE
Cape Verde,João Paulo,Cape Verde,Cape Verde,Cape Verde,TRUE
Cape Verde,Jovane Cabral,Cape Verde,Cape Verde,Cape Verde,TRUE
Cape Verde,Kelvin Pires,Cape Verde,Cape Verde,Cape Verde,TRUE
Cape Verde,Kevin Pina,Cape Verde,Cape Verde,Cape Verde,TRUE
Cape Verde,Laros Duarte,Netherlands,,Cape Verde,FALSE
Cape Verde,Logan Costa,France,Cape Verde; France,Cape Verde,TRUE
Cape Verde,Márcio Rosa,Cape Verde,,Cape Verde,FALSE
Cape Verde,Nuno da Costa,Cape Verde,Cape Verde,Cape Verde,TRUE
Cape Verde,Pico,Ireland,Cape Verde; Ireland,Cape Verde,TRUE
Cape Verde,Ryan Mendes,Cape Verde,,Cape Verde,FALSE
Cape Verde,Sidny Lopes Cabral,Netherlands,Cape Verde,Cape Verde,TRUE
Cape Verde,Steven Moreira,France,Cape Verde; France,Cape Verde,TRUE
Cape Verde,Stopira,Cape Verde,Cape Verde; Portugal,Cape Verde,TRUE
Cape Verde,Telmo Arcanjo,Portugal,Cape Verde; Portugal,Cape Verde,TRUE
Cape Verde,Vozinha,Cape Verde,Cape Verde,Cape Verde,TRUE
Cape Verde,Wagner Pina,Portugal,Cape Verde; Portugal,Cape Verde,TRUE
Cape Verde,Willy Semedo,France,Cape Verde; France,Cape Verde,TRUE
Cape Verde,Yannick Semedo,Cape Verde,Cape Verde,Cape Verde,TRUE
Colombia,Álvaro Montero,Colombia,,Colombia,FALSE
Colombia,Andrés Gómez,Colombia,Colombia,Colombia,TRUE
Colombia,Camilo Vargas,Colombia,Colombia,Colombia,TRUE
Colombia,Cucho Hernández,Colombia,Colombia,Colombia,TRUE
Colombia,Daniel Muñoz,Colombia,Colombia,Colombia,TRUE
Colombia,David Ospina,Colombia,Colombia; France,Colombia,TRUE
Colombia,Davinson Sánchez,Colombia,Colombia,Colombia,TRUE
Colombia,Deiver Machado,Colombia,Colombia,Colombia,TRUE
Colombia,Gustavo Puerta,Colombia,,Colombia,FALSE
Colombia,James Rodríguez,Colombia,Colombia; Spain,Colombia,TRUE
Colombia,Jaminton Campaz,Colombia,Venezuela,Colombia,TRUE
Colombia,Jefferson Lerma,Colombia,,Colombia,FALSE
Colombia,Jhon Arias,Colombia,Colombia,Colombia,TRUE
Colombia,Jhon Córdoba,Colombia,,Colombia,FALSE
Colombia,Jhon Lucumí,Colombia,Colombia,Colombia,TRUE
Colombia,Johan Mojica,Colombia,Colombia,Colombia,TRUE
Colombia,Jorge Carrascal,Colombia,Colombia,Colombia,TRUE
Colombia,Juan Fernando Quintero,Colombia,Colombia,Colombia,TRUE
Colombia,Juan Portilla,Colombia,Colombia,Colombia,TRUE
Colombia,Kevin Castaño,Colombia,Colombia,Colombia,TRUE
Colombia,Luis Díaz,Colombia,Colombia,Colombia,TRUE
Colombia,Luis Suárez,Colombia,Colombia; Spain,Colombia,TRUE
Colombia,Richard Ríos,Colombia,Colombia,Colombia,TRUE
Colombia,Santiago Arias,Colombia,Colombia,Colombia,TRUE
Colombia,Willer Ditta,Colombia,Colombia,Colombia,TRUE
Colombia,Yerry Mina,Colombia,Colombia,Colombia,TRUE
Croatia,Andrej Kramarić,Croatia,Croatia,Croatia,TRUE
Croatia,Ante Budimir,Bosnia and Herzegovina,Croatia,Croatia,TRUE
Croatia,Dominik Kotarski,,,Croatia,FALSE
Croatia,Dominik Livaković,Croatia,Croatia,Croatia,TRUE
Croatia,Duje Ćaleta-Car,Croatia,,Croatia,FALSE
Croatia,Igor Matanović,Germany,Germany,Croatia,TRUE
Croatia,Ivan Perišić,Croatia,Croatia,Croatia,TRUE
Croatia,Ivor Pandur,Croatia,Croatia,Croatia,TRUE
Croatia,Josip Stanišić,Germany,Croatia; Germany,Croatia,TRUE
Croatia,Josip Šutalo,Bosnia and Herzegovina,Croatia,Croatia,TRUE
Croatia,Joško Gvardiol,Croatia,Croatia,Croatia,TRUE
Croatia,Kristijan Jakić,Croatia,Croatia,Croatia,TRUE
Croatia,Luka Modrić,Croatia,,Croatia,FALSE
Croatia,Luka Sučić,Austria,,Croatia,FALSE
Croatia,Luka Vušković,Croatia,Croatia,Croatia,TRUE
Croatia,Marco Pašalić,Germany,,Croatia,FALSE
Croatia,Marin Pongračić,Germany,Croatia,Croatia,TRUE
Croatia,Mario Pašalić,Germany,Croatia,Croatia,TRUE
Croatia,Martin Baturina,Switzerland,,Croatia,FALSE
Croatia,Martin Erlić,Croatia,Croatia,Croatia,TRUE
Croatia,Mateo Kovačić,Austria,Croatia,Croatia,TRUE
Croatia,Nikola Moro,Croatia,Croatia,Croatia,TRUE
Croatia,Nikola Vlašić,Croatia,Croatia,Croatia,TRUE
Croatia,Petar Musa,Croatia,Croatia,Croatia,TRUE
Croatia,Petar Sučić,Bosnia and Herzegovina,Croatia,Croatia,TRUE
Croatia,Toni Fruk,Croatia,Croatia,Croatia,TRUE
Curaçao,Ar'jany Martha,Netherlands,Kingdom of the Netherlands,Curaçao,TRUE
Curaçao,Armando Obispo,Netherlands,,Curaçao,FALSE
Curaçao,Brandley Kuwas,Netherlands,Kingdom of the Netherlands,Curaçao,TRUE
Curaçao,Deveron Fonville,Netherlands,Kingdom of the Netherlands,Curaçao,TRUE
Curaçao,Eloy Room,Netherlands,Kingdom of the Netherlands,Curaçao,TRUE
Curaçao,Gervane Kastaneer,Netherlands,Kingdom of the Netherlands,Curaçao,TRUE
Curaçao,Godfried Roemeratoe,Netherlands,,Curaçao,FALSE
Curaçao,Jearl Margaritha,Netherlands,Kingdom of the Netherlands,Curaçao,TRUE
Curaçao,Jeremy Antonisse,Netherlands,Kingdom of the Netherlands,Curaçao,TRUE
Curaçao,Joshua Brenet,Netherlands,Kingdom of the Netherlands,Curaçao,TRUE
Curaçao,Juninho Bacuna,Netherlands,,Curaçao,FALSE
Curaçao,Jürgen Locadia,Netherlands,Kingdom of the Netherlands,Curaçao,TRUE
Curaçao,Juriën Gaari,Netherlands,Kingdom of the Netherlands,Curaçao,TRUE
Curaçao,Kenji Gorré,Netherlands,Kingdom of the Netherlands,Curaçao,TRUE
Curaçao,Kevin Felida,Netherlands,Kingdom of the Netherlands,Curaçao,TRUE
Curaçao,Leandro Bacuna,Netherlands,Kingdom of the Netherlands,Curaçao,TRUE
Curaçao,Livano Comenencia,Netherlands,Kingdom of the Netherlands,Curaçao,TRUE
Curaçao,Riechedly Bazoer,Netherlands,Kingdom of the Netherlands,Curaçao,TRUE
Curaçao,Roshon van Eijma,Netherlands,Kingdom of the Netherlands,Curaçao,TRUE
Curaçao,Sherel Floranus,Netherlands,Kingdom of the Netherlands,Curaçao,TRUE
Curaçao,Shurandy Sambo,Netherlands,Kingdom of the Netherlands,Curaçao,TRUE
Curaçao,Sontje Hansen,Netherlands,Kingdom of the Netherlands,Curaçao,TRUE
Curaçao,Tahith Chong,Curaçao,,Curaçao,FALSE
Curaçao,Trevor Doornbusch,Netherlands,,Curaçao,FALSE
Curaçao,Tyrese Noslin,Netherlands,,Curaçao,FALSE
Curaçao,Tyrick Bodak,Netherlands,,Curaçao,FALSE
Czech Republic,Adam Hložek,Czech Republic,Czech Republic,Czech Republic,TRUE
Czech Republic,Alexandr Sojka,Czech Republic,Czech Republic,Czech Republic,TRUE
Czech Republic,David Douděra,Czech Republic,Czech Republic,Czech Republic,TRUE
Czech Republic,David Jurásek,Czech Republic,Czech Republic,Czech Republic,TRUE
Czech Republic,David Zima,Czech Republic,,Czech Republic,FALSE
Czech Republic,Denis Višinský,Czech Republic,Czech Republic,Czech Republic,TRUE
Czech Republic,Hugo Sochůrek,Czech Republic,Czech Republic,Czech Republic,TRUE
Czech Republic,Jan Kuchta,Czech Republic,,Czech Republic,FALSE
Czech Republic,Jaroslav Zelený,Czech Republic,Czech Republic,Czech Republic,TRUE
Czech Republic,Jindřich Staněk,Czech Republic,Czech Republic,Czech Republic,TRUE
Czech Republic,Ladislav Krejčí,Czech Republic,Czech Republic,Czech Republic,TRUE
Czech Republic,Lukáš Červ,Czech Republic,Czech Republic,Czech Republic,TRUE
Czech Republic,Lukáš Horníček,Czech Republic,,Czech Republic,FALSE
Czech Republic,Lukáš Provod,Czech Republic,,Czech Republic,FALSE
Czech Republic,Matěj Kovář,Czech Republic,Czech Republic,Czech Republic,TRUE
Czech Republic,Michal Sadílek,Czech Republic,Czech Republic,Czech Republic,TRUE
Czech Republic,Mojmír Chytil,Czech Republic,,Czech Republic,FALSE
Czech Republic,Patrik Schick,Czech Republic,,Czech Republic,FALSE
Czech Republic,Pavel Šulc,Czech Republic,Czech Republic,Czech Republic,TRUE
Czech Republic,Robin Hranáč,Czech Republic,Czech Republic,Czech Republic,TRUE
Czech Republic,Štěpán Chaloupek,Czech Republic,Czech Republic,Czech Republic,TRUE
Czech Republic,Tomáš Chorý,Czech Republic,Czech Republic,Czech Republic,TRUE
Czech Republic,Tomáš Holeš,Czech Republic,Czech Republic,Czech Republic,TRUE
Czech Republic,Tomáš Souček,Czech Republic,Czech Republic,Czech Republic,TRUE
Czech Republic,Vladimír Coufal,Czech Republic,Czech Republic,Czech Republic,TRUE
Czech Republic,Vladimír Darida,Czech Republic,Czech Republic,Czech Republic,TRUE
DR Congo,Aaron Tshibola,England,United Kingdom,DR Congo,TRUE
DR Congo,Aaron Wan-Bissaka,England,Democratic Republic of the Congo; United Kingdom,DR Congo,TRUE
DR Congo,Arthur Masuaku,France,Democratic Republic of the Congo; France,DR Congo,TRUE
DR Congo,Axel Tuanzebe,Democratic Republic of the Congo,,DR Congo,FALSE
DR Congo,Brian Cipenga,Democratic Republic of the Congo,,DR Congo,FALSE
DR Congo,Cédric Bakambu,France,,DR Congo,FALSE
DR Congo,Chancel Mbemba,Democratic Republic of the Congo,Democratic Republic of the Congo,DR Congo,TRUE
DR Congo,Charles Pickel,Switzerland,Switzerland,DR Congo,TRUE
DR Congo,Dylan Batubinsika,France,Democratic Republic of the Congo; France,DR Congo,TRUE
DR Congo,Edo Kayembe,Democratic Republic of the Congo,Democratic Republic of the Congo,DR Congo,TRUE
DR Congo,Fiston Mayele,Democratic Republic of the Congo,,DR Congo,FALSE
DR Congo,Gaël Kakuta,France,Democratic Republic of the Congo; France,DR Congo,TRUE
DR Congo,Gédéon Kalulu,France,Democratic Republic of the Congo; France,DR Congo,TRUE
DR Congo,Joris Kayembe,Belgium,Belgium; Democratic Republic of the Congo,DR Congo,TRUE
DR Congo,Lionel Mpasi,France,Democratic Republic of the Congo; France,DR Congo,TRUE
DR Congo,Matthieu Epolo,Belgium,Belgium; Democratic Republic of the Congo,DR Congo,TRUE
DR Congo,Meschak Elia,Democratic Republic of the Congo,Democratic Republic of the Congo,DR Congo,TRUE
DR Congo,Nathanaël Mbuku,France,,DR Congo,FALSE
DR Congo,Ngal'ayel Mukau,Belgium,,DR Congo,FALSE
DR Congo,Noah Sadiki,Belgium,,DR Congo,FALSE
DR Congo,Samuel Moutoussamy,France,,DR Congo,FALSE
DR Congo,Simon Banza,France,Democratic Republic of the Congo; France,DR Congo,TRUE
DR Congo,Steve Kapuadi,France,France,DR Congo,TRUE
DR Congo,Théo Bongonda,Belgium,Belgium,DR Congo,TRUE
DR Congo,Timothy Fayulu,Switzerland,,DR Congo,FALSE
DR Congo,Yoane Wissa,France,France,DR Congo,TRUE
Ecuador,Alan Franco,Ecuador,Ecuador,Ecuador,TRUE
Ecuador,Alan Minda,Ecuador,Ecuador,Ecuador,TRUE
Ecuador,Ángelo Preciado,Ecuador,,Ecuador,FALSE
Ecuador,Anthony Valencia,Ecuador,Ecuador,Ecuador,TRUE
Ecuador,Denil Castillo,Ecuador,,Ecuador,FALSE
Ecuador,Enner Valencia,Ecuador,,Ecuador,FALSE
Ecuador,Félix Torres,Ecuador,Ecuador,Ecuador,TRUE
Ecuador,Gonzalo Plata,Ecuador,Ecuador,Ecuador,TRUE
Ecuador,Gonzalo Valle,Ecuador,Ecuador,Ecuador,TRUE
Ecuador,Hernán Galíndez,Argentina,,Ecuador,FALSE
Ecuador,Jackson Porozo,Ecuador,Ecuador,Ecuador,TRUE
Ecuador,Jeremy Arévalo,Spain,Ecuador; Spain,Ecuador,TRUE
Ecuador,Joel Ordóñez,Ecuador,Ecuador,Ecuador,TRUE
Ecuador,John Yeboah,Germany,,Ecuador,FALSE
Ecuador,Jordy Alcívar,Ecuador,Ecuador,Ecuador,TRUE
Ecuador,Jordy Caicedo,Ecuador,Ecuador,Ecuador,TRUE
Ecuador,Kendry Páez,Ecuador,Ecuador,Ecuador,TRUE
Ecuador,Kevin Rodríguez,Ecuador,Ecuador,Ecuador,TRUE
Ecuador,Moisés Caicedo,Ecuador,Ecuador,Ecuador,TRUE
Ecuador,Moisés Ramírez,Ecuador,Ecuador,Ecuador,TRUE
Ecuador,Nilson Angulo,Ecuador,Ecuador,Ecuador,TRUE
Ecuador,Pedro Vite,Ecuador,Ecuador,Ecuador,TRUE
Ecuador,Pervis Estupiñán,Ecuador,,Ecuador,FALSE
Ecuador,Piero Hincapié,Ecuador,Ecuador,Ecuador,TRUE
Ecuador,Willian Pacho,Ecuador,Ecuador,Ecuador,TRUE
Ecuador,Yaimar Medina,Ecuador,Ecuador,Ecuador,TRUE
Egypt,Ahmed Fatouh,Egypt,Egypt,Egypt,TRUE
Egypt,El Mahdy Soliman,Egypt,Egypt,Egypt,TRUE
Egypt,Emam Ashour,Egypt,Egypt,Egypt,TRUE
Egypt,Haissem Hassan,France,Egypt; France,Egypt,TRUE
Egypt,Hamdy Fathy,Egypt,Egypt,Egypt,TRUE
Egypt,Hamza Abdelkarim,Egypt,Egypt,Egypt,TRUE
Egypt,Hossam Abdelmaguid,Egypt,Egypt,Egypt,TRUE
Egypt,Ibrahim Adel,Egypt,Egypt,Egypt,TRUE
Egypt,Karim Hafez,Egypt,Egypt,Egypt,TRUE
Egypt,Mahmoud Saber,Egypt,Egypt,Egypt,FALSE
Egypt,Marwan Attia,Egypt,,Egypt,FALSE
Egypt,Mohamed Abdelmonem,Egypt,Egypt,Egypt,TRUE
Egypt,Mohamed Alaa,Egypt,Egypt,Egypt,TRUE
Egypt,Mohamed El Shenawy,Egypt,Egypt,Egypt,TRUE
Egypt,Mohamed Hany,Egypt,Egypt,Egypt,TRUE
Egypt,Mohamed Salah,Egypt,Egypt,Egypt,TRUE
Egypt,Mohanad Lasheen,Egypt,,Egypt,FALSE
Egypt,Mostafa Shobeir,Egypt,Egypt,Egypt,TRUE
Egypt,Mostafa Ziko,Egypt,Egypt,Egypt,TRUE
Egypt,Nabil Emad,Egypt,,Egypt,FALSE
Egypt,Omar Marmoush,Egypt,Egypt,Egypt,TRUE
Egypt,Ramy Rabia,Egypt,Egypt,Egypt,TRUE
Egypt,Tarek Alaa,Egypt,Egypt,Egypt,FALSE
Egypt,Trézéguet,Egypt,Egypt,Egypt,TRUE
Egypt,Yasser Ibrahim,Egypt,Egypt,Egypt,TRUE
Egypt,Zizo,Egypt,Egypt,Egypt,TRUE
England,Anthony Gordon,England,United Kingdom,England,TRUE
England,Bukayo Saka,England,,England,FALSE
England,Dan Burn,England,United Kingdom,England,TRUE
England,Dean Henderson,England,United Kingdom,England,TRUE
England,Declan Rice,England,,England,FALSE
England,Djed Spence,England,United Kingdom,England,TRUE
England,Eberechi Eze,England,United Kingdom,England,TRUE
England,Elliot Anderson,England,United Kingdom,England,TRUE
England,Ezri Konsa,England,United Kingdom,England,TRUE
England,Harry Kane,England,United Kingdom,England,TRUE
England,Ivan Toney,England,United Kingdom,England,TRUE
England,James Trafford,England,United Kingdom,England,TRUE
England,Jarell Quansah,England,,England,FALSE
England,John Stones,England,United Kingdom,England,TRUE
England,Jordan Henderson,England,,England,FALSE
England,Jordan Pickford,England,United Kingdom,England,TRUE
England,Jude Bellingham,England,United Kingdom,England,TRUE
England,Kobbie Mainoo,England,United Kingdom,England,TRUE
England,Marc Guéhi,Ivory Coast,United Kingdom,England,TRUE
England,Marcus Rashford,England,United Kingdom,England,TRUE
England,Morgan Rogers,England,United Kingdom,England,TRUE
England,Nico O'Reilly,England,United Kingdom,England,TRUE
England,Noni Madueke,England,United Kingdom,England,TRUE
England,Ollie Watkins,England,,England,FALSE
England,Reece James,England,United Kingdom,England,TRUE
England,Trevoh Chalobah,England,,England,FALSE
France,Adrien Rabiot,France,,France,FALSE
France,Aurélien Tchouaméni,France,,France,FALSE
France,Bradley Barcola,France,,France,FALSE
France,Brice Samba,Republic of the Congo,France,France,TRUE
France,Dayot Upamecano,France,France,France,TRUE
France,Désiré Doué,France,,France,FALSE
France,Ibrahima Konaté,France,France,France,TRUE
France,Jean-Philippe Mateta,France,France,France,TRUE
France,Jules Koundé,France,France,France,TRUE
France,Kylian Mbappé,France,Cameroon; France,France,TRUE
France,Lucas Digne,France,,France,FALSE
France,Lucas Hernandez,France,France; Spain,France,TRUE
France,Maghnes Akliouche,France,,France,FALSE
France,Malo Gusto,France,France,France,TRUE
France,Manu Koné,France,France,France,TRUE
France,Marcus Thuram,Italy,France,France,TRUE
France,Maxence Lacroix,France,,France,FALSE
France,Michael Olise,England,,France,FALSE
France,Mike Maignan,France,,France,FALSE
France,N'Golo Kanté,France,France; Mali,France,TRUE
France,Ousmane Dembélé,France,France,France,TRUE
France,Rayan Cherki,,,France,FALSE
France,Robin Risser,France,France,France,TRUE
France,Théo Hernandez,,,France,FALSE
France,Warren Zaïre-Emery,France,France,France,TRUE
France,William Saliba,France,France,France,TRUE
Germany,Aleksandar Pavlović,Germany,Germany,Germany,TRUE
Germany,Alexander Nübel,Germany,Germany,Germany,TRUE
Germany,Angelo Stiller,Germany,Germany,Germany,TRUE
Germany,Antonio Rüdiger,Germany,Germany,Germany,TRUE
Germany,Assan Ouédraogo,Germany,Germany,Germany,TRUE
Germany,David Raum,Germany,,Germany,FALSE
Germany,Deniz Undav,Germany,Germany; Turkey,Germany,TRUE
Germany,Felix Nmecha,Germany,Germany,Germany,TRUE
Germany,Florian Wirtz,Germany,Germany,Germany,TRUE
Germany,Jamal Musiala,Germany,Germany; United Kingdom,Germany,TRUE
Germany,Jamie Leweling,Germany,,Germany,FALSE
Germany,Jonathan Tah,Germany,Germany,Germany,TRUE
Germany,Joshua Kimmich,Germany,Germany,Germany,TRUE
Germany,Kai Havertz,Germany,,Germany,FALSE
Germany,Leon Goretzka,Germany,Germany,Germany,TRUE
Germany,Leroy Sané,Germany,Germany; Senegal,Germany,TRUE
Germany,Malick Thiaw,Germany,Finland; Germany,Germany,TRUE
Germany,Manuel Neuer,Germany,Germany,Germany,TRUE
Germany,Maximilian Beier,Germany,Germany,Germany,TRUE
Germany,Nadiem Amiri,Germany,,Germany,FALSE
Germany,Nathaniel Brown,Germany,,Germany,FALSE
Germany,Nick Woltemade,Germany,,Germany,FALSE
Germany,Nico Schlotterbeck,Germany,Germany,Germany,TRUE
Germany,Oliver Baumann,Germany,Germany,Germany,TRUE
Germany,Pascal Groß,Germany,,Germany,FALSE
Germany,Waldemar Anton,Uzbekistan,,Germany,FALSE
Ghana,Abdul Fatawu,Ghana,Ghana,Ghana,TRUE
Ghana,Abdul Mumin,Ghana,,Ghana,FALSE
Ghana,Abdul Rahman Baba,Ghana,Ghana,Ghana,TRUE
Ghana,Alidu Seidu,Ghana,Ghana,Ghana,TRUE
Ghana,Antoine Semenyo,England,Ghana; United Kingdom,Ghana,TRUE
Ghana,Augustine Boakye,Ghana,Ghana,Ghana,TRUE
Ghana,Benjamin Asare,Ghana,Ghana,Ghana,FALSE
Ghana,Brandon Thomas-Asante,England,Ghana; United Kingdom,Ghana,TRUE
Ghana,Caleb Yirenkyi,Ghana,Ghana,Ghana,TRUE
Ghana,Christopher Bonsu Baah,Ghana,Ghana,Ghana,TRUE
Ghana,Derrick Luckassen,Netherlands,Ghana; Kingdom of the Netherlands,Ghana,TRUE
Ghana,Elisha Owusu,France,France; Ghana,Ghana,TRUE
Ghana,Ernest Nuamah,Ghana,Ghana,Ghana,TRUE
Ghana,Gideon Mensah,Ghana,Ghana,Ghana,TRUE
Ghana,Iñaki Williams,Spain,Ghana; Spain,Ghana,TRUE
Ghana,Jerome Opoku,England,Ghana; United Kingdom,Ghana,TRUE
Ghana,Jonas Adjetey,Ghana,,Ghana,FALSE
Ghana,Jordan Ayew,France,France; Ghana,Ghana,TRUE
Ghana,Joseph Anang,Ghana,,Ghana,FALSE
Ghana,Kamaldeen Sulemana,Ghana,Ghana,Ghana,TRUE
Ghana,Kojo Peprah Oppong,Ghana,Ghana,Ghana,TRUE
Ghana,Kwasi Sibo,Ghana,Ghana,Ghana,TRUE
Ghana,Lawrence Ati-Zigi,Ghana,Ghana,Ghana,TRUE
Ghana,Marvin Senaya,France,France,Ghana,TRUE
Ghana,Prince Kwabena Adu,Ghana,Ghana,Ghana,TRUE
Ghana,Thomas Partey,Ghana,Ghana,Ghana,TRUE
Haiti,Alexandre Pierre,France,France; Haiti,Haiti,TRUE
Haiti,Carl Sainté,Haiti,Haiti,Haiti,TRUE
Haiti,Carlens Arcus,Haiti,Haiti,Haiti,TRUE
Haiti,Danley Jean Jacques,Haiti,Haiti,Haiti,TRUE
Haiti,Derrick Etienne Jr.,United States,Haiti; United States,Haiti,TRUE
Haiti,Dominique Simon,France,France; Haiti,Haiti,TRUE
Haiti,Duckens Nazon,France,France; Haiti,Haiti,TRUE
Haiti,Duke Lacroix,United States,Haiti; United States,Haiti,TRUE
Haiti,Frantzdy Pierrot,Haiti,Haiti; United States,Haiti,TRUE
Haiti,Garven Metusala,Canada,Canada; Haiti,Haiti,TRUE
Haiti,Hannes Delcroix,Haiti,Belgium; Haiti,Haiti,TRUE
Haiti,Jean-Kévin Duverne,France,France; Haiti,Haiti,TRUE
Haiti,Jean-Ricner Bellegarde,France,France; Haiti,Haiti,TRUE
Haiti,Johny Placide,France,France; Haiti,Haiti,TRUE
Haiti,Josué Casimir,France,,Haiti,FALSE
Haiti,Josué Duverger,Canada,Canada; Haiti,Haiti,TRUE
Haiti,Keeto Thermoncy,Switzerland,Haiti; Switzerland,Haiti,TRUE
Haiti,Lenny Joseph,France,France; Haiti,Haiti,TRUE
Haiti,Louicius Deedson,Haiti,Haiti,Haiti,TRUE
Haiti,Martin Expérience,France,France; Haiti,Haiti,TRUE
Haiti,Ricardo Adé,Haiti,Haiti,Haiti,TRUE
Haiti,Ruben Providence,France,,Haiti,FALSE
Haiti,Wilguens Paugain,Haiti,France,Haiti,TRUE
Haiti,Wilson Isidor,France,France; Haiti,Haiti,TRUE
Haiti,Woodensky Pierre,Haiti,,Haiti,FALSE
Haiti,Yassin Fortuné,France,France; Haiti,Haiti,TRUE
Iran,Ali Alipour,Iran,Iran,Iran,TRUE
Iran,Ali Nemati,Iran,Iran,Iran,TRUE
Iran,Alireza Beiranvand,Iran,,Iran,FALSE
Iran,Alireza Jahanbakhsh,Iran,Iran,Iran,TRUE
Iran,Amirhossein Hosseinzadeh,Iran,Belgium,Iran,TRUE
Iran,Amirmohammad Razzaghinia,Iran,,Iran,FALSE
Iran,Arya Yousefi,Iran,Iran,Iran,TRUE
Iran,Danial Eiri,Iran,,Iran,FALSE
Iran,Dennis Eckert,Germany,Germany; Iran; Spain,Iran,TRUE
Iran,Ehsan Hajsafi,Iran,Iran,Iran,TRUE
Iran,Hossein Hosseini,Iran,Iran,Iran,TRUE
Iran,Hossein Kanaanizadegan,Iran,,Iran,FALSE
Iran,Mahdi Torabi,Iran,Iran,Iran,TRUE
Iran,Mehdi Ghayedi,Iran,Iran,Iran,TRUE
Iran,Mehdi Taremi,Iran,Iran,Iran,TRUE
Iran,Milad Mohammadi,Iran,Iran,Iran,TRUE
Iran,Mohammad Ghorbani,Iran,,Iran,FALSE
Iran,Mohammad Mohebi,Iran,Iran,Iran,TRUE
Iran,Payam Niazmand,Iran,Iran,Iran,TRUE
Iran,Ramin Rezaeian,Iran,Iran,Iran,TRUE
Iran,Rouzbeh Cheshmi,Iran,Iran,Iran,TRUE
Iran,Saeid Ezatolahi,Iran,,Iran,FALSE
Iran,Saleh Hardani,Iran,,Iran,FALSE
Iran,Saman Ghoddos,Sweden,,Iran,FALSE
Iran,Shahriyar Moghanlou,Iran,,Iran,FALSE
Iran,Shojae Khalilzadeh,Iran,Iran,Iran,TRUE
Iraq,Ahmed Basil,Iraq,Iraq,Iraq,TRUE
Iraq,Ahmed Maknzi,Iraq,Iraq,Iraq,TRUE
Iraq,Ahmed Qasem,Sweden,,Iraq,FALSE
Iraq,Aimar Sher,Iraq,Sweden,Iraq,TRUE
Iraq,Akam Hashim,Iraq,Iraq,Iraq,TRUE
Iraq,Ali Al-Hamadi,Iraq,,Iraq,FALSE
Iraq,Ali Jasim,Iraq,Iraq,Iraq,TRUE
Iraq,Ali Yousif,Iraq,Iraq,Iraq,TRUE
Iraq,Amir Al-Ammari,Sweden,Iraq; Sweden,Iraq,TRUE
Iraq,Aymen Hussein,Iraq,Iraq,Iraq,TRUE
Iraq,Fahad Talib,Iraq,,Iraq,FALSE
Iraq,Frans Putros,Denmark,Iraq; Kingdom of Denmark,Iraq,TRUE
Iraq,Hussein Ali,Sweden,,Iraq,FALSE
Iraq,Ibrahim Bayesh,Iraq,,Iraq,FALSE
Iraq,Jalal Hassan,Iraq,,Iraq,FALSE
Iraq,Kevin Yakob,Sweden,Iraq; Sweden,Iraq,TRUE
Iraq,Marko Farji,Norway,,Iraq,FALSE
Iraq,Merchas Doski,Germany,Iraq,Iraq,TRUE
Iraq,Mohanad Ali,Iraq,Iraq,Iraq,TRUE
Iraq,Munaf Younis,Iraq,Iraq,Iraq,TRUE
Iraq,Mustafa Saadoon,Iraq,Iraq,Iraq,TRUE
Iraq,Rebin Sulaka,Iraq,Iraq; Sweden,Iraq,TRUE
Iraq,Youssef Amyn,Germany,Germany; Iraq,Iraq,TRUE
Iraq,Zaid Ismail,Iraq,,Iraq,FALSE
Iraq,Zaid Tahseen,Iraq,,Iraq,FALSE
Iraq,Zidane Iqbal,England,Iraq; United Kingdom,Iraq,TRUE
Ivory Coast,Alban Lafont,Burkina Faso,Burkina Faso; France; Ivory Coast,Ivory Coast,TRUE
Ivory Coast,Amad Diallo,Ivory Coast,Ivory Coast,Ivory Coast,TRUE
Ivory Coast,Ange-Yoan Bonny,France,France; Ivory Coast,Ivory Coast,TRUE
Ivory Coast,Bazoumana Touré,Ivory Coast,,Ivory Coast,FALSE
Ivory Coast,Christ Inao Oulaï,Ivory Coast,Ivory Coast,Ivory Coast,TRUE
Ivory Coast,Christopher Opéri,Ivory Coast,France; Ivory Coast,Ivory Coast,TRUE
Ivory Coast,Elye Wahi,France,France; Ivory Coast,Ivory Coast,TRUE
Ivory Coast,Emmanuel Agbadou,Ivory Coast,Ivory Coast,Ivory Coast,TRUE
Ivory Coast,Evan Ndicka,France,,Ivory Coast,FALSE
Ivory Coast,Evann Guessand,France,,Ivory Coast,FALSE
Ivory Coast,Franck Kessié,Ivory Coast,Ivory Coast,Ivory Coast,TRUE
Ivory Coast,Ghislain Konan,Ivory Coast,Ivory Coast,Ivory Coast,TRUE
Ivory Coast,Guéla Doué,France,France; Ivory Coast,Ivory Coast,TRUE
Ivory Coast,Ibrahim Sangaré,Ivory Coast,Ivory Coast,Ivory Coast,TRUE
Ivory Coast,Jean Michaël Seri,Ivory Coast,Ivory Coast,Ivory Coast,TRUE
Ivory Coast,Mohamed Koné,Ivory Coast,France; Ivory Coast,Ivory Coast,TRUE
Ivory Coast,Nicolas Pépé,France,France,Ivory Coast,TRUE
Ivory Coast,Odilon Kossounou,Ivory Coast,,Ivory Coast,FALSE
Ivory Coast,Oumar Diakité,Ivory Coast,Ivory Coast,Ivory Coast,TRUE
Ivory Coast,Ousmane Diomande,Ivory Coast,,Ivory Coast,FALSE
Ivory Coast,Parfait Guiagon,Ivory Coast,Ivory Coast,Ivory Coast,TRUE
Ivory Coast,Seko Fofana,France,France; Ivory Coast,Ivory Coast,TRUE
Ivory Coast,Simon Adingra,Ivory Coast,Ivory Coast,Ivory Coast,TRUE
Ivory Coast,Wilfried Singo,Ivory Coast,,Ivory Coast,FALSE
Ivory Coast,Yahia Fofana,France,France; Ivory Coast,Ivory Coast,TRUE
Ivory Coast,Yan Diomande,Ivory Coast,,Ivory Coast,FALSE
Japan,Ao Tanaka,Japan,,Japan,FALSE
Japan,Ayase Ueda,Japan,Japan,Japan,TRUE
Japan,Ayumu Seko,Japan,Japan,Japan,TRUE
Japan,Daichi Kamada,Japan,,Japan,FALSE
Japan,Daizen Maeda,Japan,Japan,Japan,TRUE
Japan,Hiroki Itō,Japan,Japan,Japan,TRUE
Japan,Junnosuke Suzuki,Japan,Japan,Japan,TRUE
Japan,Junya Itō,Japan,Japan,Japan,TRUE
Japan,Kaishū Sano,Japan,Japan,Japan,TRUE
Japan,Keisuke Gotō,Japan,Japan,Japan,TRUE
Japan,Keisuke Ōsako,Japan,,Japan,FALSE
Japan,Keito Nakamura,Japan,Japan,Japan,TRUE
Japan,Kento Shiogai,Japan,,Japan,FALSE
Japan,Kō Itakura,Japan,Japan,Japan,TRUE
Japan,Kōki Ogawa,Japan,Japan,Japan,TRUE
Japan,Ritsu Dōan,Japan,,Japan,FALSE
Japan,Shōgo Taniguchi,Japan,Japan,Japan,TRUE
Japan,Shūto Machino,Japan,,Japan,FALSE
Japan,Takefusa Kubo,Japan,Japan,Japan,TRUE
Japan,Takehiro Tomiyasu,Japan,Japan,Japan,TRUE
Japan,Tomoki Hayakawa,Japan,Japan,Japan,TRUE
Japan,Tsuyoshi Watanabe,Japan,Japan,Japan,TRUE
Japan,Yuito Suzuki,Japan,Japan,Japan,TRUE
Japan,Yukinari Sugawara,Japan,Japan,Japan,TRUE
Japan,Yūto Nagatomo,Japan,,Japan,FALSE
Japan,Zion Suzuki,United States,,Japan,FALSE
Jordan,Abdallah Al-Fakhouri,Jordan,Jordan,Jordan,TRUE
Jordan,Abdallah Nasib,Jordan,Jordan,Jordan,TRUE
Jordan,Ali Azaizeh,Germany,Jordan,Jordan,TRUE
Jordan,Ali Olwan,Jordan,Jordan,Jordan,TRUE
Jordan,Amer Jamous,Jordan,Jordan,Jordan,TRUE
Jordan,Anas Badawi,Jordan,Jordan,Jordan,FALSE
Jordan,Husam Abu Dahab,Jordan,Jordan,Jordan,TRUE
Jordan,Ibrahim Sadeh,Jordan,,Jordan,FALSE
Jordan,Ihsan Haddad,Jordan,,Jordan,FALSE
Jordan,Mahmoud Al-Mardi,Jordan,,Jordan,FALSE
Jordan,Mo Abualnadi,United States,Jordan; Palestine; United States,Jordan,TRUE
Jordan,Mohammad Abu Hashish,Iraq,,Jordan,FALSE
Jordan,Mohammad Abu Zrayq,Jordan,Jordan,Jordan,TRUE
Jordan,Mohammad Al-Dawoud,Jordan,Jordan,Jordan,TRUE
Jordan,Mohammad Taha,Jordan,,Jordan,FALSE
Jordan,Mohannad Abu Taha,Jordan,Jordan,Jordan,TRUE
Jordan,Musa Al-Taamari,Jordan,France,Jordan,TRUE
Jordan,Nizar Al-Rashdan,Jordan,Jordan,Jordan,TRUE
Jordan,Noor Al-Rawabdeh,Jordan,Jordan,Jordan,TRUE
Jordan,Nour Bani Attiah,Jordan,Jordan,Jordan,TRUE
Jordan,Odeh Al-Fakhouri,Jordan,Jordan,Jordan,TRUE
Jordan,Rajaei Ayed,Jordan,Jordan,Jordan,TRUE
Jordan,Saed Al-Rosan,Jordan,,Jordan,FALSE
Jordan,Salim Obaid,Jordan,Jordan,Jordan,TRUE
Jordan,Yazan Al-Arab,Jordan,Jordan,Jordan,TRUE
Jordan,Yazeed Abulaila,Jordan,Jordan,Jordan,TRUE
Mexico,Alexis Vega,Mexico,Mexico,Mexico,TRUE
Mexico,Álvaro Fidalgo,Spain,,Mexico,FALSE
Mexico,Armando González,Mexico,,Mexico,FALSE
Mexico,Brian Gutiérrez,United States,Mexico; United States,Mexico,TRUE
Mexico,Carlos Acevedo,Mexico,Mexico,Mexico,TRUE
Mexico,César Huerta,Mexico,Mexico,Mexico,TRUE
Mexico,César Montes,Mexico,Mexico,Mexico,TRUE
Mexico,Edson Álvarez,Mexico,Mexico,Mexico,TRUE
Mexico,Érik Lira,Mexico,Mexico,Mexico,TRUE
Mexico,Gilberto Mora,Mexico,Mexico,Mexico,TRUE
Mexico,Guillermo Martínez,Mexico,Mexico,Mexico,TRUE
Mexico,Guillermo Ochoa,Mexico,Mexico,Mexico,TRUE
Mexico,Israel Reyes,Mexico,Mexico,Mexico,TRUE
Mexico,Jesús Gallardo,Mexico,,Mexico,FALSE
Mexico,Johan Vásquez,Mexico,Mexico,Mexico,TRUE
Mexico,Jorge Sánchez,Mexico,,Mexico,FALSE
Mexico,Julián Quiñones,Colombia,Colombia; Mexico,Mexico,TRUE
Mexico,Luis Chávez,Mexico,Mexico,Mexico,TRUE
Mexico,Luis Romo,Mexico,Mexico,Mexico,TRUE
Mexico,Mateo Chávez,Mexico,,Mexico,FALSE
Mexico,Obed Vargas,United States,Mexico; United States,Mexico,TRUE
Mexico,Orbelín Pineda,Mexico,Mexico,Mexico,TRUE
Mexico,Raúl Jiménez,Mexico,Mexico,Mexico,TRUE
Mexico,Raúl Rangel,Mexico,,Mexico,FALSE
Mexico,Roberto Alvarado,Mexico,Mexico,Mexico,TRUE
Mexico,Santiago Giménez,Argentina,,Mexico,FALSE
Morocco,Achraf Hakimi,Spain,Morocco; Spain,Morocco,TRUE
Morocco,Ahmed Reda Tagnaouti,Morocco,Morocco,Morocco,TRUE
Morocco,Amine Sbaï,Morocco,,Morocco,FALSE
Morocco,Anass Salah-Eddine,Netherlands,,Morocco,FALSE
Morocco,Ayoub El Kaabi,Morocco,,Morocco,FALSE
Morocco,Ayoube Amaimouni,Spain,Morocco; Spain,Morocco,TRUE
Morocco,Ayyoub Bouaddi,France,France; Morocco,Morocco,TRUE
Morocco,Azzedine Ounahi,Morocco,France; Morocco,Morocco,TRUE
Morocco,Bilal El Khannouss,Belgium,,Morocco,FALSE
Morocco,Brahim Díaz,Spain,Morocco; Spain,Morocco,TRUE
Morocco,Chadi Riad,Spain,Morocco,Morocco,TRUE
Morocco,Chemsdine Talbi,Belgium,Belgium,Morocco,TRUE
Morocco,Gessime Yassine,France,France,Morocco,TRUE
Morocco,Ismael Saibari,Spain,Morocco; Spain,Morocco,TRUE
Morocco,Issa Diop,France,France; Morocco,Morocco,TRUE
Morocco,Marwane Saâdane,Morocco,Morocco,Morocco,TRUE
Morocco,Munir Mohamedi,Spain,Morocco; Spain,Morocco,TRUE
Morocco,Neil El Aynaoui,France,France; Morocco,Morocco,TRUE
Morocco,Noussair Mazraoui,Netherlands,,Morocco,FALSE
Morocco,Redouane Halhal,France,,Morocco,FALSE
Morocco,Samir El Mourabet,France,France; Morocco,Morocco,TRUE
Morocco,Sofyan Amrabat,Netherlands,Kingdom of the Netherlands; Morocco,Morocco,TRUE
Morocco,Soufiane Rahimi,Morocco,Morocco,Morocco,TRUE
Morocco,Yassine Bounou,Canada,,Morocco,FALSE
Morocco,Youssef Belammari,Morocco,,Morocco,FALSE
Morocco,Zakaria El Ouahdi,Belgium,Belgium; Morocco,Morocco,TRUE
Netherlands,Bart Verbruggen,Netherlands,,Netherlands,FALSE
Netherlands,Brian Brobbey,Netherlands,,Netherlands,FALSE
Netherlands,Cody Gakpo,Netherlands,Kingdom of the Netherlands,Netherlands,TRUE
Netherlands,Crysencio Summerville,Netherlands,Kingdom of the Netherlands,Netherlands,TRUE
Netherlands,Denzel Dumfries,Netherlands,Kingdom of the Netherlands,Netherlands,TRUE
Netherlands,Donyell Malen,Netherlands,Kingdom of the Netherlands,Netherlands,TRUE
Netherlands,Frenkie de Jong,Netherlands,Kingdom of the Netherlands,Netherlands,TRUE
Netherlands,Guus Til,Zambia,Kingdom of the Netherlands,Netherlands,TRUE
Netherlands,Jan Paul van Hecke,Netherlands,Kingdom of the Netherlands,Netherlands,TRUE
Netherlands,Jorrel Hato,Netherlands,Kingdom of the Netherlands,Netherlands,TRUE
Netherlands,Justin Kluivert,Netherlands,Kingdom of the Netherlands,Netherlands,TRUE
Netherlands,Lutsharel Geertruida,Netherlands,,Netherlands,FALSE
Netherlands,Mark Flekken,Netherlands,Kingdom of the Netherlands,Netherlands,TRUE
Netherlands,Marten de Roon,Netherlands,Kingdom of the Netherlands,Netherlands,TRUE
Netherlands,Mats Wieffer,Netherlands,Kingdom of the Netherlands,Netherlands,TRUE
Netherlands,Memphis Depay,Netherlands,,Netherlands,FALSE
Netherlands,Micky van de Ven,Netherlands,,Netherlands,FALSE
Netherlands,Nathan Aké,Netherlands,Kingdom of the Netherlands,Netherlands,TRUE
Netherlands,Noa Lang,Netherlands,Kingdom of the Netherlands,Netherlands,TRUE
Netherlands,Quinten Timber,Netherlands,Kingdom of the Netherlands,Netherlands,TRUE
Netherlands,Robin Roefs,Netherlands,,Netherlands,FALSE
Netherlands,Ryan Gravenberch,Netherlands,,Netherlands,FALSE
Netherlands,Teun Koopmeiners,Netherlands,Kingdom of the Netherlands,Netherlands,TRUE
Netherlands,Tijjani Reijnders,Netherlands,Kingdom of the Netherlands,Netherlands,TRUE
Netherlands,Virgil van Dijk,Netherlands,Kingdom of the Netherlands,Netherlands,TRUE
Netherlands,Wout Weghorst,Netherlands,Kingdom of the Netherlands,Netherlands,TRUE
New Zealand,Alex Paulsen,New Zealand,New Zealand,New Zealand,TRUE
New Zealand,Alex Rufer,New Zealand,New Zealand,New Zealand,TRUE
New Zealand,Ben Old,New Zealand,New Zealand,New Zealand,TRUE
New Zealand,Ben Waine,New Zealand,,New Zealand,FALSE
New Zealand,Callan Elliot,United Kingdom,New Zealand,New Zealand,TRUE
New Zealand,Callum McCowatt,New Zealand,New Zealand,New Zealand,TRUE
New Zealand,Chris Wood,New Zealand,New Zealand,New Zealand,TRUE
New Zealand,Elijah Just,New Zealand,,New Zealand,FALSE
New Zealand,Finn Surman,Wales,,New Zealand,FALSE
New Zealand,Francis de Vries,New Zealand,New Zealand,New Zealand,TRUE
New Zealand,Jesse Randall,New Zealand,,New Zealand,FALSE
New Zealand,Joe Bell,England,New Zealand,New Zealand,TRUE
New Zealand,Kosta Barbarouses,New Zealand,Greece; New Zealand,New Zealand,TRUE
New Zealand,Lachlan Bayliss,Australia,Australia; New Zealand,New Zealand,TRUE
New Zealand,Liberato Cacace,New Zealand,,New Zealand,FALSE
New Zealand,Logan Rogerson,New Zealand,New Zealand,New Zealand,TRUE
New Zealand,Marko Stamenić,New Zealand,New Zealand,New Zealand,TRUE
New Zealand,Max Crocombe,New Zealand,New Zealand,New Zealand,TRUE
New Zealand,Michael Boxall,New Zealand,New Zealand,New Zealand,TRUE
New Zealand,Michael Woud,New Zealand,New Zealand,New Zealand,TRUE
New Zealand,Nando Pijnaker,Netherlands,New Zealand,New Zealand,TRUE
New Zealand,Ryan Thomas,New Zealand,New Zealand,New Zealand,TRUE
New Zealand,Sarpreet Singh,New Zealand,,New Zealand,FALSE
New Zealand,Tim Payne,New Zealand,New Zealand,New Zealand,TRUE
New Zealand,Tommy Smith,England,New Zealand; United Kingdom,New Zealand,TRUE
New Zealand,Tyler Bindon,New Zealand,New Zealand,New Zealand,TRUE
Norway,Alexander Sørloth,Norway,Norway,Norway,TRUE
Norway,Andreas Schjelderup,Norway,Norway,Norway,TRUE
Norway,Antonio Nusa,Norway,,Norway,FALSE
Norway,David Møller Wolfe,Norway,,Norway,FALSE
Norway,Egil Selvik,Norway,,Norway,FALSE
Norway,Erling Haaland,England,Norway,Norway,TRUE
Norway,Fredrik André Bjørkan,Norway,Norway,Norway,TRUE
Norway,Fredrik Aursnes,Norway,Norway,Norway,TRUE
Norway,Henrik Falchener,Norway,Norway,Norway,TRUE
Norway,Jens Petter Hauge,Norway,,Norway,FALSE
Norway,Jørgen Strand Larsen,Norway,Norway,Norway,TRUE
Norway,Julian Ryerson,Norway,Norway,Norway,TRUE
Norway,Kristian Thorstvedt,Norway,Norway,Norway,TRUE
Norway,Kristoffer Ajer,Norway,Norway,Norway,TRUE
Norway,Leo Østigård,Norway,Norway,Norway,TRUE
Norway,Marcus Holmgren Pedersen,Norway,Norway,Norway,TRUE
Norway,Martin Ødegaard,Norway,,Norway,FALSE
Norway,Morten Thorsby,Norway,Norway,Norway,TRUE
Norway,Ørjan Nyland,Norway,Norway,Norway,TRUE
Norway,Oscar Bobb,Norway,Norway,Norway,TRUE
Norway,Patrick Berg,Norway,Norway,Norway,TRUE
Norway,Sander Berge,Norway,Norway,Norway,TRUE
Norway,Sander Tangvik,Norway,Norway,Norway,TRUE
Norway,Sondre Langås,Norway,Norway,Norway,TRUE
Norway,Thelo Aasgaard,England,Norway; United Kingdom,Norway,TRUE
Norway,Torbjørn Heggem,Norway,Norway,Norway,TRUE
Panama,Adalberto Carrasquilla,Panama,,Panama,FALSE
Panama,Alberto Quintero,Panama,Panama,Panama,TRUE
Panama,Andrés Andrade,Panama,,Panama,FALSE
Panama,Aníbal Godoy,Panama,,Panama,FALSE
Panama,Azarias Londoño,Panama,Panama,Panama,TRUE
Panama,Carlos Harvey,Panama,Panama,Panama,TRUE
Panama,Cecilio Waterman,Panama,Panama,Panama,TRUE
Panama,César Blackman,Panama,,Panama,FALSE
Panama,César Samudio,Panama,Panama,Panama,TRUE
Panama,César Yanis,Panama,Panama,Panama,TRUE
Panama,Cristian Martínez,Panama,Panama,Panama,TRUE
Panama,Edgardo Fariña,Panama,Panama,Panama,TRUE
Panama,Eric Davis,Panama,Panama,Panama,TRUE
Panama,Fidel Escobar,Panama,Panama,Panama,TRUE
Panama,Ismael Díaz,Panama,Panama,Panama,TRUE
Panama,Jiovany Ramos,Panama,,Panama,FALSE
Panama,Jorge Gutiérrez,Panama,,Panama,FALSE
Panama,José Córdoba,Panama,Panama,Panama,TRUE
Panama,José Fajardo,Panama,Panama,Panama,TRUE
Panama,José Luis Rodríguez,Panama,Panama,Panama,TRUE
Panama,Luis Mejía,Panama,Panama,Panama,TRUE
Panama,Michael Amir Murillo,Panama,,Panama,FALSE
Panama,Orlando Mosquera,Panama,Panama,Panama,TRUE
Panama,Roderick Miller,Panama,,Panama,FALSE
Panama,Tomás Rodríguez,Panama,Panama,Panama,TRUE
Panama,Yoel Bárcenas,Panama,Panama,Panama,TRUE
Paraguay,Álex Arce,Paraguay,Paraguay,Paraguay,TRUE
Paraguay,Alexandro Maidana,Paraguay,Paraguay,Paraguay,TRUE
Paraguay,Andrés Cubas,Argentina,Argentina; Paraguay,Paraguay,TRUE
Paraguay,Antonio Sanabria,Paraguay,,Paraguay,FALSE
Paraguay,Braian Ojeda,Paraguay,Paraguay,Paraguay,TRUE
Paraguay,Damián Bobadilla,Paraguay,Paraguay,Paraguay,TRUE
Paraguay,Diego Gómez,Paraguay,Paraguay,Paraguay,TRUE
Paraguay,Fabián Balbuena,Paraguay,Paraguay,Paraguay,TRUE
Paraguay,Gabriel Ávalos,Paraguay,,Paraguay,FALSE
Paraguay,Gastón Olveira,Uruguay,,Paraguay,FALSE
Paraguay,Gatito Fernández,Paraguay,Paraguay,Paraguay,TRUE
Paraguay,Gustavo Caballero,Paraguay,Paraguay,Paraguay,TRUE
Paraguay,Gustavo Gómez,Paraguay,Paraguay,Paraguay,TRUE
Paraguay,Gustavo Velázquez,Paraguay,Paraguay,Paraguay,TRUE
Paraguay,Isidro Pitta,Paraguay,Paraguay,Paraguay,TRUE
Paraguay,José Canale,Paraguay,,Paraguay,FALSE
Paraguay,Juan José Cáceres,Argentina,,Paraguay,FALSE
Paraguay,Julio Enciso,Paraguay,Paraguay,Paraguay,TRUE
Paraguay,Júnior Alonso,Paraguay,,Paraguay,FALSE
Paraguay,Kaku,Argentina,Argentina; Paraguay,Paraguay,TRUE
Paraguay,Matías Galarza,Paraguay,,Paraguay,FALSE
Paraguay,Maurício,Brazil,Brazil; Paraguay,Paraguay,TRUE
Paraguay,Miguel Almirón,Paraguay,Paraguay,Paraguay,TRUE
Paraguay,Omar Alderete,Paraguay,,Paraguay,FALSE
Paraguay,Orlando Gill,Paraguay,Paraguay,Paraguay,TRUE
Paraguay,Ramón Sosa,Paraguay,,Paraguay,FALSE
Portugal,Bernardo Silva,Portugal,Portugal,Portugal,TRUE
Portugal,Bruno Fernandes,Portugal,Portugal,Portugal,TRUE
Portugal,Cristiano Ronaldo,Portugal,Portugal,Portugal,TRUE
Portugal,Diogo Costa,Switzerland,,Portugal,FALSE
Portugal,Diogo Dalot,Portugal,Portugal,Portugal,TRUE
Portugal,Francisco Conceição,Portugal,Portugal,Portugal,TRUE
Portugal,Francisco Trincão,Portugal,Portugal,Portugal,TRUE
Portugal,Gonçalo Guedes,Portugal,Portugal,Portugal,TRUE
Portugal,Gonçalo Inácio,Portugal,Portugal,Portugal,TRUE
Portugal,Gonçalo Ramos,Portugal,Portugal,Portugal,TRUE
Portugal,João Cancelo,Portugal,,Portugal,FALSE
Portugal,João Félix,Portugal,Portugal,Portugal,TRUE
Portugal,João Neves,Portugal,Portugal,Portugal,TRUE
Portugal,José Sá,Portugal,,Portugal,FALSE
Portugal,Matheus Nunes,Brazil,Brazil; Portugal,Portugal,TRUE
Portugal,Nélson Semedo,Portugal,,Portugal,FALSE
Portugal,Nuno Mendes,Portugal,Portugal,Portugal,TRUE
Portugal,Pedro Neto,Portugal,Portugal,Portugal,TRUE
Portugal,Rafael Leão,Portugal,Portugal,Portugal,TRUE
Portugal,Renato Veiga,Portugal,Portugal,Portugal,TRUE
Portugal,Rúben Dias,Portugal,Portugal,Portugal,TRUE
Portugal,Rúben Neves,Portugal,,Portugal,FALSE
Portugal,Rui Silva,Portugal,,Portugal,FALSE
Portugal,Samú Costa,Portugal,Portugal,Portugal,TRUE
Portugal,Tomás Araújo,Portugal,Portugal,Portugal,TRUE
Portugal,Vitinha,Portugal,Portugal,Portugal,TRUE
Qatar,Abdulaziz Hatem,Qatar,Qatar,Qatar,TRUE
Qatar,Ahmed Alaaeldin,Egypt,,Qatar,FALSE
Qatar,Ahmed Al-Ganehi,Qatar,Qatar,Qatar,TRUE
Qatar,Ahmed Fathy,Qatar,Qatar,Qatar,TRUE
Qatar,Akram Afif,Qatar,,Qatar,FALSE
Qatar,Al-Hashmi Al-Hussain,Qatar,Qatar,Qatar,FALSE
Qatar,Almoez Ali,Egypt,,Qatar,FALSE
Qatar,Assim Madibo,Sudan,,Qatar,FALSE
Qatar,Ayoub Al-Oui,Qatar,Qatar,Qatar,TRUE
Qatar,Boualem Khoukhi,Algeria,Algeria; Qatar,Qatar,TRUE
Qatar,Edmilson Junior,Belgium,Belgium; Brazil; Qatar,Qatar,TRUE
Qatar,Hassan Al-Haydos,Qatar,Qatar,Qatar,TRUE
Qatar,Homam Ahmed,Qatar,Qatar,Qatar,TRUE
Qatar,Issa Laye,Senegal,,Qatar,FALSE
Qatar,Jassem Gaber,Qatar,Qatar,Qatar,TRUE
Qatar,Karim Boudiaf,France,France; Qatar,Qatar,TRUE
Qatar,Lucas Mendes,Brazil,Brazil; Qatar,Qatar,TRUE
Qatar,Mahmud Abunada,Qatar,Palestine; Qatar,Qatar,TRUE
Qatar,Meshaal Barsham,Qatar,Qatar,Qatar,TRUE
Qatar,Mohamed Manai,Tunisia,Qatar,Qatar,TRUE
Qatar,Mohammed Muntari,Ghana,Ghana; Qatar,Qatar,TRUE
Qatar,Pedro Miguel,Portugal,,Qatar,FALSE
Qatar,Salah Zakaria,Sudan,,Qatar,FALSE
Qatar,Sultan Al-Brake,Qatar,Qatar,Qatar,TRUE
Qatar,Tahsin Jamshid,Qatar,Qatar,Qatar,FALSE
Qatar,Yusuf Abdurisag,Qatar,Qatar,Qatar,TRUE
Saudi Arabia,Abdulelah Al-Amri,Saudi Arabia,Saudi Arabia,Saudi Arabia,TRUE
Saudi Arabia,Abdullah Al-Hamdan,Saudi Arabia,Saudi Arabia,Saudi Arabia,TRUE
Saudi Arabia,Abdullah Al-Khaibari,Saudi Arabia,Saudi Arabia,Saudi Arabia,TRUE
Saudi Arabia,Ahmed Al-Kassar,Saudi Arabia,Saudi Arabia,Saudi Arabia,TRUE
Saudi Arabia,Alaa Al-Hejji,Saudi Arabia,Saudi Arabia,Saudi Arabia,TRUE
Saudi Arabia,Ali Lajami,Saudi Arabia,,Saudi Arabia,FALSE
Saudi Arabia,Ali Majrashi,Saudi Arabia,Saudi Arabia,Saudi Arabia,TRUE
Saudi Arabia,Ayman Yahya,Saudi Arabia,,Saudi Arabia,FALSE
Saudi Arabia,Firas Al-Buraikan,Saudi Arabia,Saudi Arabia,Saudi Arabia,TRUE
Saudi Arabia,Hassan Al-Tambakti,Saudi Arabia,Saudi Arabia,Saudi Arabia,TRUE
Saudi Arabia,Hassan Kadesh,Saudi Arabia,Saudi Arabia,Saudi Arabia,TRUE
Saudi Arabia,Jehad Thakri,Saudi Arabia,Saudi Arabia,Saudi Arabia,TRUE
Saudi Arabia,Khalid Al-Ghannam,Saudi Arabia,Saudi Arabia,Saudi Arabia,TRUE
Saudi Arabia,Mohamed Kanno,Saudi Arabia,,Saudi Arabia,FALSE
Saudi Arabia,Mohammed Abu Al-Shamat,Saudi Arabia,Saudi Arabia,Saudi Arabia,TRUE
Saudi Arabia,Mohammed Al-Owais,Saudi Arabia,Saudi Arabia,Saudi Arabia,TRUE
Saudi Arabia,Moteb Al-Harbi,Saudi Arabia,Saudi Arabia,Saudi Arabia,TRUE
Saudi Arabia,Musab Al-Juwayr,Saudi Arabia,Saudi Arabia,Saudi Arabia,TRUE
Saudi Arabia,Nasser Al-Dawsari,Saudi Arabia,Saudi Arabia,Saudi Arabia,TRUE
Saudi Arabia,Nawaf Al-Aqidi,Saudi Arabia,Saudi Arabia,Saudi Arabia,TRUE
Saudi Arabia,Nawaf Boushal,Saudi Arabia,Saudi Arabia,Saudi Arabia,TRUE
Saudi Arabia,Saleh Al-Shehri,Saudi Arabia,Saudi Arabia,Saudi Arabia,TRUE
Saudi Arabia,Salem Al-Dawsari,Saudi Arabia,Saudi Arabia,Saudi Arabia,TRUE
Saudi Arabia,Saud Abdulhamid,Saudi Arabia,,Saudi Arabia,FALSE
Saudi Arabia,Sultan Mandash,Saudi Arabia,Saudi Arabia,Saudi Arabia,TRUE
Saudi Arabia,Ziyad Al-Johani,Saudi Arabia,Saudi Arabia,Saudi Arabia,TRUE
Scotland,Aaron Hickey,United Kingdom,United Kingdom,Scotland,TRUE
Scotland,Andy Robertson,Scotland,United Kingdom,Scotland,TRUE
Scotland,Angus Gunn,England,United Kingdom,Scotland,TRUE
Scotland,Anthony Ralston,Scotland,United Kingdom,Scotland,TRUE
Scotland,Ben Gannon-Doak,Scotland,United Kingdom,Scotland,TRUE
Scotland,Ché Adams,England,United Kingdom,Scotland,TRUE
Scotland,Craig Gordon,Scotland,United Kingdom,Scotland,TRUE
Scotland,Dominic Hyam,Scotland,United Kingdom,Scotland,TRUE
Scotland,Findlay Curtis,Scotland,United Kingdom,Scotland,TRUE
Scotland,George Hirst,England,,Scotland,FALSE
Scotland,Grant Hanley,Scotland,United Kingdom,Scotland,TRUE
Scotland,Jack Hendry,Scotland,,Scotland,FALSE
Scotland,John McGinn,Scotland,United Kingdom,Scotland,TRUE
Scotland,John Souttar,Scotland,United Kingdom,Scotland,TRUE
Scotland,Kenny McLean,Scotland,United Kingdom,Scotland,TRUE
Scotland,Kieran Tierney,Isle of Man,United Kingdom,Scotland,TRUE
Scotland,Lawrence Shankland,Scotland,,Scotland,FALSE
Scotland,Lewis Ferguson,Scotland,,Scotland,FALSE
Scotland,Liam Kelly,Scotland,United Kingdom,Scotland,TRUE
Scotland,Lyndon Dykes,Australia,Australia; United Kingdom,Scotland,TRUE
Scotland,Nathan Patterson,Scotland,United Kingdom,Scotland,TRUE
Scotland,Ross Stewart,Scotland,,Scotland,FALSE
Scotland,Ryan Christie,Scotland,United Kingdom,Scotland,TRUE
Scotland,Scott McKenna,Scotland,United Kingdom,Scotland,TRUE
Scotland,Scott McTominay,England,United Kingdom,Scotland,TRUE
Scotland,Tyler Fletcher,England,United Kingdom,Scotland,TRUE
Senegal,Abdoulaye Seck,Senegal,,Senegal,FALSE
Senegal,Antoine Mendy,France,,Senegal,FALSE
Senegal,Assane Diao,Senegal,Senegal; Spain,Senegal,TRUE
Senegal,Bamba Dieng,Senegal,Senegal,Senegal,TRUE
Senegal,Bara Sapoko Ndiaye,Senegal,Senegal,Senegal,TRUE
Senegal,Cherif Ndiaye,Senegal,,Senegal,FALSE
Senegal,Édouard Mendy,France,France; Senegal,Senegal,TRUE
Senegal,El Hadji Malick Diouf,Senegal,,Senegal,FALSE
Senegal,Habib Diarra,Senegal,,Senegal,FALSE
Senegal,Ibrahim Mbaye,France,France; Senegal,Senegal,TRUE
Senegal,Idrissa Gueye,Senegal,,Senegal,FALSE
Senegal,Iliman Ndiaye,France,,Senegal,FALSE
Senegal,Ismail Jakobs,Germany,,Senegal,FALSE
Senegal,Ismaïla Sarr,Senegal,Senegal,Senegal,TRUE
Senegal,Kalidou Koulibaly,France,,Senegal,FALSE
Senegal,Krépin Diatta,Senegal,Senegal,Senegal,TRUE
Senegal,Lamine Camara,Senegal,,Senegal,FALSE
Senegal,Mamadou Sarr,France,France,Senegal,TRUE
Senegal,Mory Diaw,France,,Senegal,FALSE
Senegal,Moussa Niakhaté,France,France; Senegal,Senegal,TRUE
Senegal,Nicolas Jackson,Senegal,Senegal,Senegal,TRUE
Senegal,Pape Gueye,France,,Senegal,FALSE
Senegal,Pape Matar Sarr,Senegal,Senegal,Senegal,TRUE
Senegal,Pathé Ciss,Senegal,,Senegal,FALSE
Senegal,Sadio Mané,Senegal,,Senegal,FALSE
Senegal,Yehvann Diouf,France,France; Senegal,Senegal,TRUE
South Africa,Aubrey Modiba,South Africa,South Africa,South Africa,TRUE
South Africa,Bradley Cross,South Africa,South Africa,South Africa,TRUE
South Africa,Evidence Makgopa,South Africa,,South Africa,FALSE
South Africa,Ime Okon,South Africa,South Africa,South Africa,TRUE
South Africa,Iqraam Rayners,South Africa,South Africa,South Africa,TRUE
South Africa,Jayden Adams,South Africa,South Africa,South Africa,TRUE
South Africa,Kamogelo Sebelebele,South Africa,South Africa,South Africa,TRUE
South Africa,Khuliso Mudau,South Africa,South Africa,South Africa,TRUE
South Africa,Khulumani Ndamane,South Africa,South Africa,South Africa,TRUE
South Africa,Lyle Foster,South Africa,South Africa,South Africa,TRUE
South Africa,Mbekezeli Mbokazi,South Africa,South Africa,South Africa,TRUE
South Africa,Nkosinathi Sibisi,South Africa,South Africa,South Africa,TRUE
South Africa,Olwethu Makhanya,South Africa,South Africa,South Africa,TRUE
South Africa,Oswin Appollis,South Africa,South Africa,South Africa,TRUE
South Africa,Relebohile Mofokeng,South Africa,South Africa,South Africa,TRUE
South Africa,Ricardo Goss,South Africa,South Africa,South Africa,TRUE
South Africa,Ronwen Williams,South Africa,South Africa,South Africa,TRUE
South Africa,Samukele Kabini,South Africa,South Africa,South Africa,TRUE
South Africa,Sipho Chaine,South Africa,South Africa,South Africa,TRUE
South Africa,Sphephelo Sithole,South Africa,South Africa,South Africa,TRUE
South Africa,Teboho Mokoena,South Africa,South Africa,South Africa,TRUE
South Africa,Thabang Matuludi,South Africa,,South Africa,FALSE
South Africa,Thalente Mbatha,South Africa,South Africa,South Africa,TRUE
South Africa,Thapelo Maseko,South Africa,South Africa,South Africa,TRUE
South Africa,Themba Zwane,South Africa,South Africa,South Africa,TRUE
South Africa,Tshepang Moremi,South Africa,South Africa,South Africa,TRUE
South Korea,Bae Jun-ho,South Korea,,South Korea,FALSE
South Korea,Cho Gue-sung,South Korea,South Korea,South Korea,TRUE
South Korea,Cho Wi-je,South Korea,South Korea,South Korea,FALSE
South Korea,Eom Ji-sung,South Korea,South Korea,South Korea,TRUE
South Korea,Hwang Hee-chan,South Korea,,South Korea,FALSE
South Korea,Hwang In-beom,South Korea,South Korea,South Korea,TRUE
South Korea,Jens Castrop,Germany,Germany; South Korea,South Korea,TRUE
South Korea,Jo Hyeon-woo,South Korea,South Korea,South Korea,TRUE
South Korea,Kim Jin-gyu,South Korea,South Korea,South Korea,TRUE
South Korea,Kim Min-jae,South Korea,South Korea,South Korea,TRUE
South Korea,Kim Moon-hwan,South Korea,,South Korea,FALSE
South Korea,Kim Seung-gyu,South Korea,,South Korea,FALSE
South Korea,Kim Tae-hyeon,South Korea,,South Korea,FALSE
South Korea,Lee Dong-gyeong,South Korea,South Korea,South Korea,TRUE
South Korea,Lee Gi-hyuk,South Korea,South Korea,South Korea,TRUE
South Korea,Lee Han-beom,South Korea,South Korea,South Korea,TRUE
South Korea,Lee Jae-sung,South Korea,South Korea,South Korea,TRUE
South Korea,Lee Kang-in,South Korea,South Korea,South Korea,TRUE
South Korea,Lee Tae-seok,South Korea,South Korea,South Korea,TRUE
South Korea,Oh Hyeon-gyu,South Korea,South Korea,South Korea,TRUE
South Korea,Paik Seung-ho,South Korea,South Korea,South Korea,TRUE
South Korea,Park Jin-seob,South Korea,South Korea,South Korea,TRUE
South Korea,Seol Young-woo,South Korea,,South Korea,FALSE
South Korea,Son Heung-min,South Korea,South Korea,South Korea,TRUE
South Korea,Song Bum-keun,South Korea,,South Korea,FALSE
South Korea,Yang Hyun-jun,South Korea,South Korea,South Korea,TRUE
Spain,Álex Baena,Spain,Spain,Spain,TRUE
Spain,Álex Grimaldo,Spain,Spain,Spain,TRUE
Spain,Aymeric Laporte,France,,Spain,FALSE
Spain,Borja Iglesias,Spain,,Spain,FALSE
Spain,Dani Olmo,Spain,Spain,Spain,TRUE
Spain,David Raya,Spain,Spain,Spain,TRUE
Spain,Eric García,Spain,Spain,Spain,TRUE
Spain,Fabián Ruiz,Spain,Spain,Spain,TRUE
Spain,Ferran Torres,Spain,,Spain,FALSE
Spain,Gavi,Spain,Spain,Spain,TRUE
Spain,Joan Garcia,Spain,Spain,Spain,TRUE
Spain,Lamine Yamal,Spain,Equatorial Guinea; Spain,Spain,TRUE
Spain,Marc Cucurella,Spain,Spain,Spain,TRUE
Spain,Marc Pubill,Spain,Spain,Spain,TRUE
Spain,Marcos Llorente,Spain,Spain,Spain,TRUE
Spain,Martín Zubimendi,Spain,Spain,Spain,TRUE
Spain,Mikel Merino,Spain,Spain,Spain,TRUE
Spain,Mikel Oyarzabal,Spain,,Spain,FALSE
Spain,Nico Williams,Spain,Ghana; Spain,Spain,TRUE
Spain,Pau Cubarsí,Spain,Spain,Spain,TRUE
Spain,Pedri,Spain,,Spain,FALSE
Spain,Pedro Porro,Spain,Spain,Spain,TRUE
Spain,Rodri,Spain,Spain,Spain,TRUE
Spain,Unai Simón,Spain,Spain,Spain,TRUE
Spain,Víctor Muñoz,Spain,,Spain,FALSE
Spain,Yéremy Pino,Spain,,Spain,FALSE
Sweden,Alexander Bernhardsson,Sweden,Sweden,Sweden,TRUE
Sweden,Alexander Isak,Sweden,Sweden,Sweden,TRUE
Sweden,Anthony Elanga,Sweden,Sweden,Sweden,TRUE
Sweden,Benjamin Nygren,Sweden,Sweden,Sweden,TRUE
Sweden,Besfort Zeneli,Sweden,Kosovo; Sweden,Sweden,TRUE
Sweden,Carl Starfelt,Sweden,Sweden,Sweden,TRUE
Sweden,Daniel Svensson,Sweden,Sweden,Sweden,TRUE
Sweden,Elliot Stroud,Sweden,,Sweden,FALSE
Sweden,Eric Smith,Sweden,Sweden,Sweden,TRUE
Sweden,Gabriel Gudmundsson,Sweden,Sweden,Sweden,TRUE
Sweden,Gustaf Lagerbielke,Sweden,Sweden,Sweden,TRUE
Sweden,Gustaf Nilsson,Sweden,,Sweden,FALSE
Sweden,Herman Johansson,Sweden,Sweden,Sweden,TRUE
Sweden,Hjalmar Ekdal,Sweden,Sweden,Sweden,TRUE
Sweden,Isak Hien,Sweden,Sweden,Sweden,TRUE
Sweden,Jacob Widell Zetterström,Sweden,Sweden,Sweden,TRUE
Sweden,Jesper Karlström,Sweden,Sweden,Sweden,TRUE
Sweden,Ken Sema,Sweden,,Sweden,FALSE
Sweden,Kristoffer Nordfeldt,Sweden,Sweden,Sweden,TRUE
Sweden,Lucas Bergvall,Sweden,Sweden,Sweden,TRUE
Sweden,Mattias Svanberg,Sweden,,Sweden,FALSE
Sweden,Taha Ali,Sweden,,Sweden,FALSE
Sweden,Victor Lindelöf,Sweden,,Sweden,FALSE
Sweden,Viktor Gyökeres,Sweden,Sweden,Sweden,TRUE
Sweden,Viktor Johansson,Sweden,Sweden,Sweden,TRUE
Sweden,Yasin Ayari,Sweden,Sweden; Tunisia,Sweden,TRUE
Switzerland,Ardon Jashari,Switzerland,Switzerland,Switzerland,TRUE
Switzerland,Aurèle Amenda,Switzerland,Switzerland,Switzerland,TRUE
Switzerland,Breel Embolo,Cameroon,,Switzerland,FALSE
Switzerland,Cedric Itten,Switzerland,Switzerland,Switzerland,TRUE
Switzerland,Christian Fassnacht,Switzerland,Switzerland,Switzerland,TRUE
Switzerland,Dan Ndoye,Switzerland,Switzerland,Switzerland,TRUE
Switzerland,Denis Zakaria,Switzerland,Switzerland,Switzerland,TRUE
Switzerland,Djibril Sow,Switzerland,Switzerland,Switzerland,TRUE
Switzerland,Eray Cömert,Switzerland,Switzerland,Switzerland,TRUE
Switzerland,Fabian Rieder,Switzerland,Switzerland,Switzerland,TRUE
Switzerland,Granit Xhaka,Switzerland,Switzerland,Switzerland,TRUE
Switzerland,Gregor Kobel,Switzerland,Switzerland,Switzerland,TRUE
Switzerland,Johan Manzambi,Switzerland,Switzerland,Switzerland,TRUE
Switzerland,Luca Jaquez,Switzerland,Switzerland,Switzerland,TRUE
Switzerland,Manuel Akanji,Switzerland,Nigeria; Switzerland,Switzerland,TRUE
Switzerland,Marvin Keller,England,Switzerland,Switzerland,TRUE
Switzerland,Michel Aebischer,Switzerland,Switzerland,Switzerland,TRUE
Switzerland,Miro Muheim,Switzerland,Switzerland,Switzerland,TRUE
Switzerland,Nico Elvedi,Switzerland,Switzerland,Switzerland,TRUE
Switzerland,Noah Okafor,Switzerland,Switzerland,Switzerland,TRUE
Switzerland,Remo Freuler,Switzerland,Switzerland,Switzerland,TRUE
Switzerland,Ricardo Rodriguez,Switzerland,Switzerland,Switzerland,TRUE
Switzerland,Rubén Vargas,Switzerland,Switzerland,Switzerland,TRUE
Switzerland,Silvan Widmer,Switzerland,,Switzerland,FALSE
Switzerland,Yvon Mvogo,Cameroon,Cameroon; Switzerland,Switzerland,TRUE
Switzerland,Zeki Amdouni,Switzerland,Switzerland,Switzerland,TRUE
Tunisia,Adem Arous,Saudi Arabia,Tunisia,Tunisia,TRUE
Tunisia,Ali Abdi,Tunisia,,Tunisia,FALSE
Tunisia,Anis Ben Slimane,Denmark,Kingdom of Denmark; Tunisia,Tunisia,TRUE
Tunisia,Aymen Dahmen,Tunisia,Tunisia,Tunisia,TRUE
Tunisia,Dylan Bronn,France,France; Tunisia,Tunisia,TRUE
Tunisia,Elias Achouri,France,,Tunisia,FALSE
Tunisia,Elias Saad,Germany,Germany; Tunisia,Tunisia,TRUE
Tunisia,Ellyes Skhiri,France,France; Tunisia,Tunisia,TRUE
Tunisia,Firas Chaouat,Tunisia,Tunisia,Tunisia,TRUE
Tunisia,Hadj Mahmoud,Tunisia,Tunisia,Tunisia,TRUE
Tunisia,Hannibal Mejbri,France,France; Tunisia,Tunisia,TRUE
Tunisia,Hazem Mastouri,Tunisia,Tunisia,Tunisia,TRUE
Tunisia,Ismaël Gharbi,France,France; Spain; Tunisia,Tunisia,TRUE
Tunisia,Khalil Ayari,Tunisia,Tunisia,Tunisia,TRUE
Tunisia,Mohamed Amine Ben Hamida,Tunisia,Tunisia,Tunisia,TRUE
Tunisia,Montassar Talbi,France,France; Tunisia,Tunisia,TRUE
Tunisia,Mortadha Ben Ouanes,Tunisia,Tunisia,Tunisia,TRUE
Tunisia,Mouhib Chamakh,Tunisia,,Tunisia,FALSE
Tunisia,Moutaz Neffati,Sweden,,Tunisia,FALSE
Tunisia,Omar Rekik,Netherlands,Kingdom of the Netherlands; Tunisia,Tunisia,TRUE
Tunisia,Raed Chikhaoui,Tunisia,Tunisia,Tunisia,TRUE
Tunisia,Rani Khedira,Germany,Germany; Tunisia,Tunisia,TRUE
Tunisia,Rayan Elloumi,Canada,Canada; Tunisia,Tunisia,TRUE
Tunisia,Sabri Ben Hessen,Tunisia,Tunisia,Tunisia,TRUE
Tunisia,Sebastian Tounekti,Norway,Norway; Tunisia,Tunisia,TRUE
Tunisia,Yan Valery,France,France; Tunisia,Tunisia,TRUE
Turkey,Abdülkerim Bardakcı,Turkey,Turkey,Turkey,TRUE
Turkey,Altay Bayındır,Turkey,Turkey,Turkey,TRUE
Turkey,Arda Güler,Turkey,Turkey,Turkey,TRUE
Turkey,Barış Alper Yılmaz,Turkey,Turkey,Turkey,TRUE
Turkey,Çağlar Söyüncü,Turkey,,Turkey,FALSE
Turkey,Can Uzun,Germany,,Turkey,FALSE
Turkey,Deniz Gül,Sweden,Sweden; Turkey,Turkey,TRUE
Turkey,Eren Elmalı,Turkey,Turkey,Turkey,TRUE
Turkey,Ferdi Kadıoğlu,Netherlands,Canada; Kingdom of the Netherlands; Turkey,Turkey,TRUE
Turkey,Hakan Çalhanoğlu,Germany,,Turkey,FALSE
Turkey,İrfan Can Kahveci,Turkey,Turkey,Turkey,TRUE
Turkey,İsmail Yüksek,Turkey,Turkey,Turkey,TRUE
Turkey,Kaan Ayhan,Germany,,Turkey,FALSE
Turkey,Kenan Yıldız,Germany,Turkey,Turkey,TRUE
Turkey,Kerem Aktürkoğlu,Turkey,Turkey,Turkey,TRUE
Turkey,Merih Demiral,Turkey,Turkey,Turkey,TRUE
Turkey,Mert Günok,Turkey,Turkey,Turkey,TRUE
Turkey,Mert Müldür,Austria,,Turkey,FALSE
Turkey,Oğuz Aydın,Netherlands,Kingdom of the Netherlands; Turkey,Turkey,TRUE
Turkey,Orkun Kökçü,Netherlands,,Turkey,FALSE
Turkey,Ozan Kabak,Turkey,Turkey,Turkey,TRUE
Turkey,Salih Özcan,Germany,Germany; Turkey,Turkey,TRUE
Turkey,Samet Akaydin,Turkey,Turkey,Turkey,TRUE
Turkey,Uğurcan Çakır,Turkey,Turkey,Turkey,TRUE
Turkey,Yunus Akgün,Turkey,,Turkey,FALSE
Turkey,Zeki Çelik,Turkey,Turkey,Turkey,TRUE
United States,Alejandro Zendejas,Mexico,Mexico; United States,United States,TRUE
United States,Alex Freeman,United States,United States,United States,TRUE
United States,Antonee Robinson,England,United Kingdom; United States,United States,TRUE
United States,Auston Trusty,United States,,United States,FALSE
United States,Brenden Aaronson,United States,,United States,FALSE
United States,Chris Brady,United States,United States,United States,TRUE
United States,Chris Richards,United States,United States,United States,TRUE
United States,Christian Pulisic,United States,Croatia; United States,United States,TRUE
United States,Cristian Roldan,United States,United States,United States,TRUE
United States,Folarin Balogun,United States,,United States,FALSE
United States,Giovanni Reyna,England,,United States,FALSE
United States,Haji Wright,United States,United States,United States,TRUE
United States,Joe Scally,United States,United States,United States,TRUE
United States,Malik Tillman,Germany,,United States,FALSE
United States,Mark McKenzie,United States,United States,United States,TRUE
United States,Matt Freese,United States,,United States,FALSE
United States,Matt Turner,United States,Lithuania; United States,United States,TRUE
United States,Max Arfsten,United States,United States,United States,TRUE
United States,Miles Robinson,United States,,United States,FALSE
United States,Ricardo Pepi,United States,United States,United States,TRUE
United States,Sebastian Berhalter,England,,United States,FALSE
United States,Sergiño Dest,Netherlands,Kingdom of the Netherlands; United States,United States,TRUE
United States,Tim Ream,United States,United States,United States,TRUE
United States,Timothy Weah,United States,,United States,FALSE
United States,Tyler Adams,United States,United States,United States,TRUE
United States,Weston McKennie,United States,,United States,FALSE
Uruguay,Agustín Canobbio,Uruguay,Uruguay,Uruguay,TRUE
Uruguay,Brian Rodríguez,Uruguay,Uruguay,Uruguay,TRUE
Uruguay,Darwin Núñez,Uruguay,Uruguay,Uruguay,TRUE
Uruguay,Emiliano Martínez,Uruguay,Uruguay,Uruguay,TRUE
Uruguay,Facundo Pellistri,Uruguay,Uruguay,Uruguay,TRUE
Uruguay,Federico Valverde,Uruguay,Uruguay,Uruguay,TRUE
Uruguay,Federico Viñas,Uruguay,Uruguay,Uruguay,TRUE
Uruguay,Fernando Muslera,Argentina,Uruguay,Uruguay,TRUE
Uruguay,Giorgian de Arrascaeta,Uruguay,Italy; Uruguay,Uruguay,TRUE
Uruguay,Guillermo Varela,Uruguay,Uruguay,Uruguay,TRUE
Uruguay,Joaquín Piquerez,Uruguay,Uruguay,Uruguay,TRUE
Uruguay,José María Giménez,Uruguay,Uruguay,Uruguay,TRUE
Uruguay,Juan Manuel Sanabria,Uruguay,,Uruguay,FALSE
Uruguay,Manuel Ugarte,Uruguay,Uruguay,Uruguay,TRUE
Uruguay,Mathías Olivera,Uruguay,Spain; Uruguay,Uruguay,TRUE
Uruguay,Matías Viña,Uruguay,Uruguay,Uruguay,TRUE
Uruguay,Maximiliano Araújo,Uruguay,Uruguay,Uruguay,TRUE
Uruguay,Nicolás de la Cruz,Uruguay,Uruguay,Uruguay,TRUE
Uruguay,Rodrigo Aguirre,Uruguay,,Uruguay,FALSE
Uruguay,Rodrigo Bentancur,Uruguay,Uruguay,Uruguay,TRUE
Uruguay,Rodrigo Zalazar,Spain,Spain; Uruguay,Uruguay,TRUE
Uruguay,Ronald Araújo,Uruguay,,Uruguay,FALSE
Uruguay,Santiago Bueno,Uruguay,Uruguay,Uruguay,TRUE
Uruguay,Santiago Mele,Uruguay,,Uruguay,FALSE
Uruguay,Sebastián Cáceres,Uruguay,Uruguay,Uruguay,TRUE
Uruguay,Sergio Rochet,Uruguay,,Uruguay,FALSE
Uzbekistan,Abbosbek Fayzullaev,Uzbekistan,Uzbekistan,Uzbekistan,TRUE
Uzbekistan,Abdukodir Khusanov,Uzbekistan,,Uzbekistan,FALSE
Uzbekistan,Abdulla Abdullaev,Uzbekistan,Uzbekistan,Uzbekistan,TRUE
Uzbekistan,Abduvohid Nematov,Uzbekistan,,Uzbekistan,FALSE
Uzbekistan,Akmal Mozgovoy,Uzbekistan,Uzbekistan,Uzbekistan,TRUE
Uzbekistan,Avazbek Ulmasaliev,Uzbekistan,Uzbekistan,Uzbekistan,TRUE
Uzbekistan,Azizbek Amonov,Uzbekistan,Uzbekistan,Uzbekistan,TRUE
Uzbekistan,Azizjon Ganiev,Uzbekistan,Uzbekistan,Uzbekistan,TRUE
Uzbekistan,Bekhruz Karimov,Uzbekistan,Uzbekistan,Uzbekistan,TRUE
Uzbekistan,Botirali Ergashev,Uzbekistan,,Uzbekistan,FALSE
Uzbekistan,Dostonbek Khamdamov,Uzbekistan,Uzbekistan,Uzbekistan,TRUE
Uzbekistan,Eldor Shomurodov,Uzbekistan,Uzbekistan,Uzbekistan,TRUE
Uzbekistan,Farrukh Sayfiev,Uzbekistan,Uzbekistan,Uzbekistan,TRUE
Uzbekistan,Igor Sergeev,Uzbekistan,,Uzbekistan,FALSE
Uzbekistan,Jakhongir Urozov,Uzbekistan,Uzbekistan,Uzbekistan,TRUE
Uzbekistan,Jamshid Iskanderov,Uzbekistan,Uzbekistan,Uzbekistan,TRUE
Uzbekistan,Khojiakbar Alijonov,Uzbekistan,Uzbekistan,Uzbekistan,TRUE
Uzbekistan,Odiljon Hamrobekov,Uzbekistan,Uzbekistan,Uzbekistan,TRUE
Uzbekistan,Oston Urunov,Uzbekistan,Uzbekistan,Uzbekistan,TRUE
Uzbekistan,Otabek Shukurov,Uzbekistan,,Uzbekistan,FALSE
Uzbekistan,Ruslanbek Jiyanov,Uzbekistan,Uzbekistan,Uzbekistan,TRUE
Uzbekistan,Rustam Ashurmatov,Uzbekistan,Uzbekistan,Uzbekistan,TRUE
Uzbekistan,Sherzod Esanov,Uzbekistan,Uzbekistan,Uzbekistan,TRUE
Uzbekistan,Sherzod Nasrullaev,Uzbekistan,,Uzbekistan,FALSE
Uzbekistan,Umar Eshmurodov,Uzbekistan,,Uzbekistan,FALSE
Uzbekistan,Utkir Yusupov,Kazakhstan,Uzbekistan,Uzbekistan,TRUE
